team,shirt_number,player_name,position,club,birthdate
Algeria,1,Melvin Feycal Mastil,Goalkeeper,FC Stade Nyonnais (SUI),2000-02-19
Algeria,2,Aissa Mandi,Defender,Lille OSC (FRA),1991-10-22
Algeria,3,Achref Abada,Defender,USM Alger (ALG),1999-06-15
Algeria,4,Mohamed Amine Tougai,Defender,Espérance De Tunisie (TUN),2000-01-22
Algeria,5,Zineddine Belaïd,Defender,JS Kabylie (ALG),1999-03-20
Algeria,6,Ramiz Larbi Zerrouki,Midfielder,FC Twente (NED),1998-05-26
Algeria,7,Riyad Karim Mahrez,Forward,Al Ahli FC (KSA),1991-02-21
Algeria,8,Houssem-Eddine Chaabane Aouar,Midfielder,Al Ittihad (KSA),1998-06-30
Algeria,9,Amine Ferid Ghouiri,Forward,Olympique Marseille (FRA),2000-02-16
Algeria,10,Fares Chaibi,Midfielder,Eintracht Frankfurt (GER),2002-11-28
Algeria,11,Anis Hadj Moussa,Forward,Feyenoord Rotterdam (NED),2002-02-11
Algeria,12,Ahmed Nadhir Benbouali,Forward,Györi ETO FC (HUN),2000-04-17
Algeria,13,Jaouen Djimmy Hadjam,Defender,BSC Young Boys (SUI),2003-03-26
Algeria,14,Hicham Boudaoui,Midfielder,OGC Nice (FRA),1999-09-23
Algeria,15,Rayan Aït-Nouri,Defender,Manchester City FC (ENG),2001-06-06
Algeria,16,Oussama Benbot,Goalkeeper,USM Alger (ALG),1994-10-11
Algeria,17,Rak Belghali,Defender,Hellas Verona FC (ITA),2002-06-07
Algeria,18,Mohammed Elamine Amoura,Forward,VfL Wolfsburg (GER),2000-05-09
Algeria,19,Nabil Bentaleb,Midfielder,Lille OSC (FRA),1994-11-24
Algeria,20,Adil Boulbina,Forward,Al Duhail SC (QAT),2003-05-02
Algeria,21,Amir Selmane Rami Bensebaini,Defender,Borussia Dortmund (GER),1995-04-16
Algeria,22,Ibrahim Maza,Midfielder,Bayer 04 Leverkusen (GER),2005-11-24
Algeria,23,Luca Zinedine Zidane,Goalkeeper,Granada CF (ESP),1998-05-13
Algeria,24,Yassine M E G Titraoui,Midfielder,Sporting Charleroi (BEL),2003-07-26
Algeria,25,Fares Ghedjemis,Forward,Frosinone (ITA),2002-09-06
Algeria,26,Samir Sophian Chergui,Defender,Paris FC (FRA),1999-02-06
Argentina,1,Juan Agustín Musso,Goalkeeper,Atlético De Madrid (ESP),1994-05-06
Argentina,2,Leonardo Julián Balerdi Rosa,Defender,Olympique Marseille (FRA),1999-01-26
Argentina,3,Nicolás Alejandro Tagliafico,Defender,Olympique Lyonnais (FRA),1992-08-31
Argentina,4,Gonzalo Ariel Montiel,Defender,CA River Plate (ARG),1997-01-01
Argentina,5,Leandro Daniel Paredes,Midfielder,CA Boca Juniors (ARG),1994-06-29
Argentina,6,Lisandro Martínez,Defender,Manchester United FC (ENG),1998-01-18
Argentina,7,Rodrigo Javier De Paul,Midfielder,Inter Miami CF (USA),1994-05-24
Argentina,8,Valentin Barco,Midfielder,RC Strasbourg (FRA),2004-07-23
Argentina,9,Julián Álvarez,Forward,Atlético De Madrid (ESP),2000-01-31
Argentina,10,Lionel Andrés Messi,Forward,Inter Miami CF (USA),1987-06-24
Argentina,11,Giovani Lo Celso,Midfielder,Real Betis (ESP),1996-04-09
Argentina,12,Geronimo Rulli,Goalkeeper,Olympique Marseille (FRA),1992-05-20
Argentina,13,Cristian Gabriel Romero,Defender,Tottenham Hotspur FC (ENG),1998-04-27
Argentina,14,Exequiel Alejandro Palacios,Midfielder,Bayer 04 Leverkusen (GER),1998-10-05
Argentina,15,Nicolas Ivan Gonzalez,Midfielder,Atlético De Madrid (ESP),1998-04-06
Argentina,16,Thiago Ezequiel Almada,Forward,Atlético De Madrid (ESP),2001-04-26
Argentina,17,Giuliano Simeone,Forward,Atlético De Madrid (ESP),2002-12-18
Argentina,18,Nicolas Paz Martínez,Forward,Como (ITA),2004-09-08
Argentina,19,Nicolas Hernan Gonzalo Otamendi,Defender,SL Benca (POR),1988-02-12
Argentina,20,Alexis Mac Allister,Midfielder,Liverpool FC (ENG),1998-12-24
Argentina,21,Jose Manuel Alberto Lopez,Forward,SE Palmeiras (BRA),2000-12-06
Argentina,22,Lautaro Javier Martínez,Forward,FC Internazionale Milano (ITA),1997-08-22
Argentina,23,Damián Emiliano Martínez,Goalkeeper,Aston Villa FC (ENG),1992-09-02
Argentina,24,Enzo Jeremías Fernández,Midfielder,Chelsea FC (ENG),2001-01-17
Argentina,25,Facundo Axel Medina,Defender,Olympique Marseille (FRA),1999-05-28
Argentina,26,Nahuel Molina Lucero,Defender,Atlético De Madrid (ESP),1998-04-06
Australia,1,Mathew David Ryan,Goalkeeper,Levante UD (ESP),1992-04-08
Australia,2,Milos Degenek,Defender,APOEL FC (CYP),1994-04-28
Australia,3,Alessandro Circati,Defender,Parma (ITA),2003-10-10
Australia,4,Jacob Michael Italiano,Defender,Grazer AK (AUT),2001-07-30
Australia,5,Jordan Jacob Bos,Defender,Feyenoord Rotterdam (NED),2002-10-29
Australia,6,Jason Kato Geria,Defender,Albirex Niigata (JPN),1993-05-10
Australia,7,Mathew Allan Leckie,Forward,Melbourne City FC (AUS),1991-02-04
Australia,8,Connor Isaac Metcalfe,Midfielder,FC St. Pauli (GER),1999-11-05
Australia,9,Mohamed A Toure,Forward,Norwich City FC (ENG),2004-03-26
Australia,10,Ajdin Hrustic,Forward,SC Heracles Almelo (NED),1996-07-05
Australia,11,Awer Bul Mabil,Forward,CD Castellón (ESP),1995-09-15
Australia,12,Paul David Izzo,Goalkeeper,Randers FC (DEN),1995-01-06
Australia,13,Aiden Connor O'neill,Midfielder,New York City FC (USA),1998-07-04
Australia,14,Cameron Peter Devlin,Midfielder,Heart Of Midlothian FC (SCO),1998-06-07
Australia,15,Kai Clifton Trewin,Defender,New York City FC (USA),2001-05-18
Australia,16,Aziz Behich,Defender,Melbourne City FC (AUS),1990-12-16
Australia,17,Nestory Irankunda,Forward,Watford FC (ENG),2006-02-09
Australia,18,Patrick Thomas Beach,Goalkeeper,Melbourne City FC (AUS),2003-08-06
Australia,19,Harry James Souttar,Defender,Leicester City FC (ENG),1998-10-22
Australia,20,Cristian Volpato,Forward,US Sassuolo (ITA),2003-11-15
Australia,21,Cameron Robert Burgess,Defender,Swansea City AFC (WAL),1995-10-21
Australia,22,Jackson Alexander Irvine,Midfielder,FC St. Pauli (GER),1993-03-07
Australia,23,Nishan Matthew Velupillay,Forward,Melbourne Victory FC (AUS),2001-05-07
Australia,24,Paul Michael Junior Okon-Engstler,Midfielder,Sydney FC (AUS),2005-01-24
Australia,25,Lucas Herrington,Defender,Colorado Rapids (USA),2007-09-05
Australia,26,Tete Owen Yengi,Forward,FC Machida Zelvia (JPN),2000-11-28
Austria,1,Alexander Schlager,Goalkeeper,FC Red Bull Salzburg (AUT),1996-02-01
Austria,2,David Leopold Affengruber,Defender,Elche CF (ESP),2001-03-19
Austria,3,Kevin Danso,Defender,Tottenham Hotspur FC (ENG),1998-09-19
Austria,4,Xaver Schlager,Midfielder,RB Leipzig (GER),1997-09-28
Austria,5,Stefan Posch,Defender,1. FSV Mainz 05 (GER),1997-05-14
Austria,6,Nicolas Seiwald,Midfielder,RB Leipzig (GER),2001-05-04
Austria,7,Marko Arnautovic,Forward,FK Crvena Zvezda (SRB),1989-04-19
Austria,8,David Alaba,Defender,Real Madrid C. F. (ESP),1992-06-24
Austria,9,Marcel Sabitzer,Midfielder,Borussia Dortmund (GER),1994-03-17
Austria,10,Florian Grillitsch,Midfielder,SC Braga (POR),1995-08-07
Austria,11,Michael Gregoritsch,Forward,FC Augsburg (GER),1994-04-18
Austria,12,Florian Wiegele,Goalkeeper,FC Viktoria Plzeň (CZE),2001-03-21
Austria,13,Patrick Pentz,Goalkeeper,Brøndby IF (DEN),1997-01-02
Austria,14,Saša Kalajdžić,Forward,LASK Linz (AUT),1997-07-07
Austria,15,Philipp Lienhart,Defender,SC Freiburg (GER),1996-07-11
Austria,16,Phillip Mwene,Defender,1. FSV Mainz 05 (GER),1994-01-29
Austria,17,Carney Chibueze Chukwuemeka,Midfielder,Borussia Dortmund (GER),2003-10-20
Austria,18,Romano Schmid,Midfielder,SV Werder Bremen (GER),2000-01-27
Austria,19,Dejan Ljubičić,Midfielder,FC Schalke 04 (GER),1997-10-08
Austria,20,Konrad Laimer,Midfielder,FC Bayern München (GER),1997-05-27
Austria,21,Patrick Wimmer,Forward,VfL Wolfsburg (GER),2001-05-30
Austria,22,Alexander Prass,Midfielder,TSG Hoffenheim (GER),2001-05-26
Austria,23,Marco Friedl,Defender,SV Werder Bremen (GER),1998-03-16
Austria,24,Paul Wanner,Midfielder,PSV Eindhoven (NED),2005-12-23
Austria,25,Michael Svoboda,Defender,Venezia FC (ITA),1998-10-15
Austria,26,Alessandro Andre Schöpf,Midfielder,Wolfsberger AC (AUT),1994-02-07
Belgium,1,Thibaut Nicolas M Courtois,Goalkeeper,Real Madrid C. F. (ESP),1992-05-11
Belgium,2,Zeno Koen Debast,Defender,Sporting CP (POR),2003-10-24
Belgium,3,Arthur Nicolas R Theate,Defender,Eintracht Frankfurt (GER),2000-05-25
Belgium,4,Brandon Erik Mechele,Defender,Club Brugge (BEL),1993-01-28
Belgium,5,Maxim Peter M De Cuyper,Defender,Brighton & Hove Albion FC (ENG),2000-12-22
Belgium,6,Axel Laurent A Witsel,Midfielder,Girona FC (ESP),1989-01-12
Belgium,7,Kevin De Bruyne,Midfielder,SSC Napoli (ITA),1991-06-28
Belgium,8,Youri Marion A Tielemans,Midfielder,Aston Villa FC (ENG),1997-05-07
Belgium,9,Romelu Lukaku Bolingoli,Forward,SSC Napoli (ITA),1993-05-13
Belgium,10,Leandro Trossard,Forward,Arsenal FC (ENG),1994-12-04
Belgium,11,Jeremy Baffour Doku,Forward,Manchester City FC (ENG),2002-05-27
Belgium,12,Senne Lammens,Goalkeeper,Manchester United FC (ENG),2002-07-07
Belgium,13,Mike Louis Penders,Goalkeeper,RC Strasbourg (FRA),2005-07-31
Belgium,14,Dodi Lukebakio Ngandoli,Forward,SL Benca (POR),1997-09-24
Belgium,15,Thomas Andre A Meunier,Defender,Lille OSC (FRA),1991-09-12
Belgium,16,Koni De Winter,Defender,AC Milan (ITA),2002-06-12
Belgium,17,Charles Marc S De Ketelaere,Forward,Atalanta Bergamo (ITA),2001-03-10
Belgium,18,Joaquin Ronny Seys,Defender,Club Brugge (BEL),2005-03-28
Belgium,19,Diego Manuel J Da Silva Moreira,Midfielder,RC Strasbourg (FRA),2004-08-06
Belgium,20,Hans Vanaken,Midfielder,Club Brugge (BEL),1992-08-24
Belgium,21,Timothy Castagne,Defender,Fulham FC (ENG),1995-12-05
Belgium,22,Alexis Jesse M Saelemaekers,Midfielder,AC Milan (ITA),1999-06-27
Belgium,23,Nicolas Thierry Y Raskin,Midfielder,Rangers FC (SCO),2001-02-23
Belgium,24,Amadou Ba Z Mvom Onana,Midfielder,Aston Villa FC (ENG),2001-08-16
Belgium,25,Nathan Ngoy,Defender,Lille OSC (FRA),2003-06-10
Belgium,26,Matias Fernandez-Pardo,Forward,Lille OSC (FRA),2005-02-03
Bosnia And Herzegovina,1,Nikola Vasilj,Goalkeeper,FC St. Pauli (GER),1995-12-02
Bosnia And Herzegovina,2,Nihad Mujakić,Defender,Gaziantep FK (TUR),1998-04-15
Bosnia And Herzegovina,3,Dennis Hadžikadunić,Defender,UC Sampdoria (ITA),1998-07-09
Bosnia And Herzegovina,4,Tarik Muharemović,Defender,US Sassuolo (ITA),2003-02-28
Bosnia And Herzegovina,5,Sead Kolašinac,Defender,Atalanta Bergamo (ITA),1993-06-20
Bosnia And Herzegovina,6,Benjamin Tahirovic,Midfielder,Brøndby IF (DEN),2003-03-03
Bosnia And Herzegovina,7,Amar Dedić,Defender,SL Benca (POR),2002-08-18
Bosnia And Herzegovina,8,Armin Gigović,Midfielder,BSC Young Boys (SUI),2002-04-06
Bosnia And Herzegovina,9,Samed Baždar,Forward,Jagiellonia Białystok (POL),2004-01-31
Bosnia And Herzegovina,10,Ermedin Demirović,Forward,VfB Stuttgart (GER),1998-03-25
Bosnia And Herzegovina,11,Edin Džeko,Forward,FC Schalke 04 (GER),1986-03-17
Bosnia And Herzegovina,12,Mladen Jurkas,Goalkeeper,FK Borac Banja Luka (BIH),2007-10-07
Bosnia And Herzegovina,13,Ivan Bašić,Midfielder,FC Astana (KAZ),2002-04-30
Bosnia And Herzegovina,14,Ivan Šunjić,Midfielder,Pafos FC (CYP),1996-10-09
Bosnia And Herzegovina,15,Amar Memić,Midfielder,FC Viktoria Plzeň (CZE),2001-01-20
Bosnia And Herzegovina,16,Amir Hadžiahmetović,Midfielder,Hull City FC (ENG),1997-03-08
Bosnia And Herzegovina,17,Dženis Burnić,Midfielder,Karlsruher SC (GER),1998-05-22
Bosnia And Herzegovina,18,Nikola Katić,Defender,FC Schalke 04 (GER),1996-10-10
Bosnia And Herzegovina,19,Kerim Alajbegović,Forward,FC Red Bull Salzburg (AUT),2007-09-21
Bosnia And Herzegovina,20,Esmir Bajraktarević,Forward,PSV Eindhoven (NED),2005-03-10
Bosnia And Herzegovina,21,Stjepan Radeljić,Defender,HNK Rijeka (CRO),1997-09-05
Bosnia And Herzegovina,22,Martin Zlomislić,Goalkeeper,HNK Rijeka (CRO),1998-08-16
Bosnia And Herzegovina,23,Haris Tabaković,Forward,Borussia Mönchengladbach (GER),1994-06-20
Bosnia And Herzegovina,24,Nidal Čelik,Defender,RC Lens (FRA),2006-07-17
Bosnia And Herzegovina,25,Jovo Lukić,Forward,Universitatea Cluj (ROU),1998-11-28
Bosnia And Herzegovina,26,Ermin Mahmić,Midfielder,FC Slovan Liberec (CZE),2005-03-14
Brazil,1,Álisson Ramsés Becker,Goalkeeper,Liverpool FC (ENG),1992-10-02
Brazil,2,Éderson José Dos Santos Lourenço da Silva,Midfielder,Atalanta Bergamo (ITA),1999-07-07
Brazil,3,Gabriel Dos Santos Magalhães,Defender,Arsenal FC (ENG),1997-12-19
Brazil,4,Marcos Aoas Correa,Defender,Paris Saint-Germain (FRA),1994-05-14
Brazil,5,Carlos Henrique Casimiro,Midfielder,Manchester United FC (ENG),1992-02-23
Brazil,6,Alex Sandro Lobo Silva,Defender,CR Flamengo (BRA),1991-01-26
Brazil,7,Vinicius José Paixão de Oliveira Júnior,Forward,Real Madrid C. F. (ESP),2000-07-12
Brazil,8,Bruno Guimarães Rodriguez Moura,Midfielder,Newcastle United FC (ENG),1997-11-16
Brazil,9,Matheus Santos Carneiro da Cunha,Forward,Manchester United FC (ENG),1999-05-27
Brazil,10,Neymar Da Silva Santos Júnior,Forward,Santos FC (BRA),1992-02-05
Brazil,11,Raphael Dias Belloli,Forward,FC Barcelona (ESP),1996-12-14
Brazil,12,Weverton Pereira da Silva,Goalkeeper,Grêmio FBPA (BRA),1987-12-13
Brazil,13,Danilo Luiz Da Silva,Defender,CR Flamengo (BRA),1991-07-15
Brazil,14,Gleison Bremer Silva Nascimento,Defender,Juventus FC (ITA),1997-03-18
Brazil,15,Leonardo Pereira,Defender,CR Flamengo (BRA),1996-01-31
Brazil,16,Douglas Dos Santos Justino de Melo,Defender,FC Zenit St. Petersburg (RUS),1994-03-22
Brazil,17,Fabio Henrique Tavares,Midfielder,Al Ittihad (KSA),1993-10-23
Brazil,18,Danilo Dos Santos de Oliveira,Midfielder,Botafogo (BRA),2001-04-29
Brazil,19,Endrick Felipe Moreira de Sousa Pessoa,Forward,Olympique Lyonnais (FRA),2006-07-21
Brazil,20,Lucas Tolentino Coelho de Lima,Midfielder,CR Flamengo (BRA),1997-08-27
Brazil,21,Luiz Henrique André Rosa da Silva,Forward,FC Zenit St. Petersburg (RUS),2001-01-02
Brazil,22,Gabriel Teodoro Martinelli Silva,Forward,Arsenal FC (ENG),2001-06-18
Brazil,23,Ederson Santana de Moraes,Goalkeeper,Fenerbahçe SK (TUR),1993-08-17
Brazil,24,Roger Ibañez da Silva,Defender,Al Ahli FC (KSA),1998-11-23
Brazil,25,Igor Thiago Nascimento Rodrigues,Forward,Brentford FC (ENG),2001-06-26
Brazil,26,Rayan Vitor Simplicio Rocha,Forward,AFC Bournemouth (ENG),2006-08-03
Cabo Verde,1,Josimar José Évora Dias,Goalkeeper,GD Chaves (POR),1986-06-03
Cabo Verde,2,Ianique Dos Santos Tavares,Defender,SCU Torreense (POR),1988-05-20
Cabo Verde,3,Edilson Alberto Monteiro Sanches Borges,Defender,Al Bataeh Club (UAE),1995-01-17
Cabo Verde,4,Roberto Carlos Lopes,Defender,Shamrock Rovers FC (IRL),1992-06-17
Cabo Verde,5,Logan Evans Costa,Defender,Villarreal CF (ESP),2001-04-01
Cabo Verde,6,Kevin Lenini Gonçalves Pereira de Pina,Midfielder,FC Krasnodar (RUS),1997-01-27
Cabo Verde,7,Jovane Eduardo Borges Cabral,Midfielder,CF Estrela Da Amadora (POR),1998-06-14
Cabo Verde,8,João Paulo Moreira Fernandes,Midfielder,FC FCSB (ROU),1998-05-26
Cabo Verde,9,Gilson Benchimol Tavares,Forward,FC Akron Tolyatti (RUS),2001-12-29
Cabo Verde,10,Jamiro Gregory Monteiro Alvarenga,Midfielder,PEC Zwolle (NED),1993-11-23
Cabo Verde,11,Garry Mendes Rodrigues,Midfielder,Apollon Limassol (CYP),1990-11-27
Cabo Verde,12,Márcio Salomão Brazão da Rosa,Goalkeeper,PFC Montana (BUL),1997-02-23
Cabo Verde,13,Sidny Lopes Cabral,Defender,SL Benca (POR),2002-09-18
Cabo Verde,14,Deroy D'encarnação Duarte,Midfielder,PFC Ludogorets Razgrad (BUL),1999-07-04
Cabo Verde,15,Laros Michael D'encarnação Duarte,Midfielder,Puskás Akadémia FC (HUN),1997-02-28
Cabo Verde,16,Jair Semedo Monteiro,Midfielder,SC Farense (POR),1995-12-29
Cabo Verde,17,Willy Johnson Semedo Afonso,Midfielder,AC Omonia (CYP),1994-04-27
Cabo Verde,18,Telmo Emanuel Gomes Arcanjo,Midfielder,Vitória SC (POR),2001-06-21
Cabo Verde,19,Dailon Rocha Livramento,Forward,Casa Pia AC (POR),2001-05-04
Cabo Verde,20,Ryan Isaac Da Graca Mendes,Forward,Iğdır FK (TUR),1990-01-08
Cabo Verde,21,Nuno Miguel Da Costa Joia,Midfielder,Başakşehir FK (TUR),1991-02-10
Cabo Verde,22,Steven Moreira,Defender,Columbus Crew (USA),1994-08-13
Cabo Verde,23,Carlos Joaquim Antunes dos Santos,Goalkeeper,San Diego FC (USA),2000-08-24
Cabo Verde,24,Wagner Fabricio Cardoso de Pina,Defender,Trabzonspor (TUR),2002-11-03
Cabo Verde,25,Kelvin Spencer Pires,Defender,SJK (FIN),2000-06-05
Cabo Verde,26,Hélio Sandro Oliveira Alves Varela,Midfielder,Maccabi Tel-Aviv FC (ISR),2002-05-03
Canada,1,Dayne Tristan St. Clair,Goalkeeper,Inter Miami CF (USA),1997-05-09
Canada,2,Alistair William Johnston,Defender,Celtic FC (SCO),1998-10-08
Canada,3,Ale Charles Jones,Defender,Middlesbrough FC (ENG),1997-10-07
Canada,4,Luc Rollet de Fougerolles,Defender,FCV Dender EH (BEL),2005-10-12
Canada,5,Joel Robert Waterman,Defender,Chicago Fire FC (USA),1996-01-24
Canada,6,Mathieu Choinière,Midfielder,LAFC (USA),1999-02-07
Canada,7,Stephen Eustaquio,Midfielder,LAFC (USA),1996-12-21
Canada,8,Ismaël Kenneth Jordan Kone,Midfielder,US Sassuolo (ITA),2002-06-16
Canada,9,Cyle Christopher Larin,Forward,Southampton FC (ENG),1995-04-17
Canada,10,Jonathan Christian David,Forward,Juventus FC (ITA),2000-01-14
Canada,11,Liam Alan Millar,Midfielder,Hull City FC (ENG),1999-09-27
Canada,12,Tanitoluwa Oluwatimilehin Oluwaseyi,Forward,Villarreal CF (ESP),2000-05-15
Canada,13,Derek Austin Cornelius,Defender,Rangers FC (SCO),1997-11-25
Canada,14,Jacob Everett Shaffelburg,Midfielder,LAFC (USA),1999-11-26
Canada,15,Moïse Bombito Lumpungu,Defender,OGC Nice (FRA),2000-03-30
Canada,16,Maxime Crépeau,Goalkeeper,Orlando City SC (USA),1994-05-11
Canada,17,Tajon Trevor Buchanan,Forward,Villarreal CF (ESP),1999-02-08
Canada,18,Owen Olamidayo Goodman,Goalkeeper,Barnsley (ENG),2003-11-27
Canada,19,Alphonso Boyle Davies,Defender,FC Bayern München (GER),2000-11-02
Canada,20,Ali Ahmed,Forward,Norwich City FC (ENG),2000-10-10
Canada,21,Jonathan Osorio,Midfielder,Toronto FC (CAN),1992-06-12
Canada,22,Richmond Mamah Laryea,Defender,Toronto FC (CAN),1995-01-07
Canada,23,Niko Kristian Sigur,Defender,HNK Hajduk Split (CRO),2003-09-09
Canada,24,Promise Oluwatobi Emmanuel David,Forward,Royale Union Saint-Gilloise (BEL),2001-07-03
Canada,25,Nathan-Dylan Saliba,Midfielder,RSC Anderlecht (BEL),2004-02-07
Canada,26,Marcelo Flores,Midfielder,Tigres UANL (MEX),2003-10-01
Colombia,1,David Ospina Ramirez,Goalkeeper,Atlético Nacional (COL),1988-08-31
Colombia,2,Daniel Muñoz Mejia,Defender,Crystal Palace FC (ENG),1996-05-26
Colombia,3,Jhon Janer Lucumi Bonilla,Defender,Bologna FC (ITA),1998-06-26
Colombia,4,Santiago Arias Naranjo,Defender,CA Independiente (ARG),1992-01-13
Colombia,5,Kevin Duvan Castaño Gil,Midfielder,CA River Plate (ARG),2000-09-29
Colombia,6,Richard Ríos Montoya,Midfielder,SL Benca (POR),2000-06-02
Colombia,7,Luis Fernando Díaz Marulanda,Forward,FC Bayern München (GER),1997-01-13
Colombia,8,Jorge Andres Carrascal Guardo,Midfielder,CR Flamengo (BRA),1998-05-25
Colombia,9,Jhon Andrés Córdoba Copete,Forward,FC Krasnodar (RUS),1993-05-11
Colombia,10,James David Rodríguez Rubio,Midfielder,Minnesota United FC (USA),1991-07-12
Colombia,11,Jhon Adolfo Arias Andrade,Midfielder,SE Palmeiras (BRA),1997-09-21
Colombia,12,Camilo Andres Vargas Gil,Goalkeeper,Atlas FC (MEX),1989-03-09
Colombia,13,Yerry Fernando Mina Gonzalez,Defender,Cagliari (ITA),1994-09-23
Colombia,14,Gustavo Adolfo Puerta Molano,Defender,Racing Santander (ESP),2003-07-23
Colombia,15,Juan Camilo Portilla Orozco,Midfielder,Athletico Paranaense (BRA),1998-09-12
Colombia,16,Jefferson Andrés Lerma Solis,Midfielder,Crystal Palace FC (ENG),1994-10-25
Colombia,17,Johan Andrés Mojica Palacio,Defender,RCD Mallorca (ESP),1992-08-21
Colombia,18,Willer Emilio Ditta Perez,Defender,CF Cruz Azul (MEX),1998-01-23
Colombia,19,Juan Camilo Hernandez Suarez,Forward,Real Betis (ESP),1999-04-20
Colombia,20,Juan Fernando Quintero Paniagua,Midfielder,CA River Plate (ARG),1993-01-18
Colombia,21,Jaminton Leandro Campaz,Forward,CA Rosario Central (ARG),2000-05-24
Colombia,22,Deiver Machado Mena,Defender,FC Nantes (FRA),1993-09-02
Colombia,23,Davinson Sánchez Mina,Defender,Galatasaray SK (TUR),1996-06-12
Colombia,24,Álvaro David Montero Perales,Goalkeeper,CA Vélez Sarseld (ARG),1995-03-29
Colombia,25,Luis Javier Suárez Charris,Forward,Sporting CP (POR),1997-12-02
Colombia,26,Carlos Andrés Gómez Hinestroza,Forward,CR Vasco Da Gama (BRA),2002-09-12
Congo DR,1,Lionel Nzau Mpasi,Goalkeeper,Le Havre AC (FRA),1994-08-01
Congo DR,2,Wan Bissaka,Defender,West Ham United FC (ENG),1997-11-26
Congo DR,3,Steve Nkanu Kapuadi,Defender,Widzew Łódź (POL),1998-04-30
Congo DR,4,Axel Tuanzebe,Defender,Burnley FC (ENG),1997-11-14
Congo DR,5,Dylan Buduka Batubinsika,Defender,AEL FC (GRE),1996-02-15
Congo DR,6,Ngal’ayel Mukau,Midfielder,Lille OSC (FRA),2004-11-03
Congo DR,7,Nathanaël Mbuku,Midfielder,Montpellier HSC (FRA),2002-03-16
Congo DR,8,Samuel Alain Moutoussamy,Midfielder,Atromitos FC (GRE),1996-08-12
Congo DR,9,Kibambe Brian Cipenga,Forward,CD Castellón (ESP),1998-03-11
Congo DR,10,Theo Mbulofeko Batombo Bongonda,Midfielder,FC Spartak Moscow (RUS),1995-11-20
Congo DR,11,Mambenga Gaël Roméo Kakuta,Forward,AEL FC (GRE),1991-06-21
Congo DR,12,Joris Kayembe-Ditu,Defender,KRC Genk (BEL),1994-08-08
Congo DR,13,Meschack Lina Elia,Forward,Alanyaspor (TUR),1997-08-06
Congo DR,14,Noah Junior Sadiki,Midfielder,Sunderland AFC (ENG),2004-12-17
Congo DR,15,Tshibola Aaron,Midfielder,Kilmarnock FC (SCO),1995-01-02
Congo DR,16,Timothy Bruce Munzoko Fayulu,Goalkeeper,FC Noah (ARM),1999-07-24
Congo DR,17,Cedric Bakambu,Forward,Real Betis (ESP),1991-04-11
Congo DR,18,Charles Monginda Pickel,Midfielder,RCD Espanyol (ESP),1997-05-15
Congo DR,19,Mayele Fiston Kalala,Forward,Pyramids FC (EGY),1994-06-24
Congo DR,20,Yoane Wissa,Forward,Newcastle United FC (ENG),1996-09-03
Congo DR,21,Matthieu Luka Epolo,Goalkeeper,Standard Liège (BEL),2005-01-15
Congo DR,22,Mangulu Chancel Mbemba,Defender,Lille OSC (FRA),1994-08-08
Congo DR,23,Simon Bokote Banza,Forward,Al Jazira (UAE),1996-08-13
Congo DR,24,Gédéon Tchingoma Kyatengwa Kalulu,Defender,Aris Limassol FC (CYP),1997-08-29
Congo DR,25,Edo Kayembe Kayembe,Midfielder,Watford FC (ENG),1998-06-03
Congo DR,26,Arthur Fuka Masuaku Kawela,Defender,RC Lens (FRA),1993-11-07
Côte D'Ivoire,1,Yahia Fofana,Goalkeeper,Çaykur Rizespor (TUR),2000-08-21
Côte D'Ivoire,2,Ousmane Diomande,Defender,Sporting CP (POR),2003-12-04
Côte D'Ivoire,3,N'clomande Ghislain Konan,Defender,Gil Vicente FC (POR),1995-12-27
Côte D'Ivoire,4,Jean Michael Seri,Midfielder,NK Maribor (SVN),1991-07-19
Côte D'Ivoire,5,Wilfried Stephane Singo,Defender,Galatasaray SK (TUR),2000-12-25
Côte D'Ivoire,6,Seko Mohamed Fofana,Midfielder,FC Porto (POR),1995-05-07
Côte D'Ivoire,7,Kouakou Odilon Dorgeless Kossounou,Defender,Atalanta Bergamo (ITA),2001-01-04
Côte D'Ivoire,8,Franck Yannick Kessie,Midfielder,Al Ahli FC (KSA),1996-12-19
Côte D'Ivoire,9,Ange-Yoan Laurent Bonny,Forward,FC Internazionale Milano (ITA),2003-10-25
Côte D'Ivoire,10,Simon Adingra,Forward,AS Monaco (FRA),2002-01-01
Côte D'Ivoire,11,Yan Diomande,Forward,RB Leipzig (GER),2006-11-14
Côte D'Ivoire,12,Sepe Elye Delmas Wahi,Forward,OGC Nice (FRA),2003-01-02
Côte D'Ivoire,13,Christopher Tea Domoraud Operi,Defender,Başakşehir FK (TUR),1997-04-29
Côte D'Ivoire,14,Oumar Diakite,Forward,Cercle Brugge (BEL),2003-12-20
Côte D'Ivoire,15,Amad Diallo,Forward,Manchester United FC (ENG),2002-07-11
Côte D'Ivoire,16,Mohamed Kone,Goalkeeper,Sporting Charleroi (BEL),2002-03-07
Côte D'Ivoire,17,Guela Maho-Lewis Doue,Defender,RC Strasbourg (FRA),2002-10-17
Côte D'Ivoire,18,Ibrahim Sangare,Midfielder,Nottingham Forest FC (ENG),1997-12-02
Côte D'Ivoire,19,Nicolas Pepe,Forward,Villarreal CF (ESP),1995-05-29
Côte D'Ivoire,20,Badobre Emmanuel Elysee Djedje Agbadou,Defender,Beşiktaş JK (TUR),1997-06-17
Côte D'Ivoire,21,Obite Evan Ndicka,Defender,AS Roma (ITA),1999-08-20
Côte D'Ivoire,22,Evann Ludovic Vidjannagni Guessand,Forward,Crystal Palace FC (ENG),2001-07-01
Côte D'Ivoire,23,Alban-Marc Lafont,Goalkeeper,Panathinaikos FC (GRE),1999-01-23
Côte D'Ivoire,24,Bazoumana Toure,Forward,TSG Hoffenheim (GER),2006-03-02
Côte D'Ivoire,25,Parfait Guiagon,Midfielder,Sporting Charleroi (BEL),2001-02-22
Côte D'Ivoire,26,Christ Ravynel Inao Oulai,Midfielder,Trabzonspor (TUR),2006-04-06
Croatia,1,Dominik Livaković,Goalkeeper,GNK Dinamo Zagreb (CRO),1995-01-09
Croatia,2,Josip Stanišić,Defender,FC Bayern München (GER),2000-04-02
Croatia,3,Marin Pongračić,Defender,ACF Fiorentina (ITA),1997-09-11
Croatia,4,Joško Gvardiol,Defender,Manchester City FC (ENG),2002-01-23
Croatia,5,Duje Ćaleta-Car,Defender,Real Sociedad (ESP),1996-09-17
Croatia,6,Josip Šutalo,Defender,AFC Ajax (NED),2000-02-28
Croatia,7,Nikola Moro,Midfielder,Bologna FC (ITA),1998-03-12
Croatia,8,Mateo Kovačić,Midfielder,Manchester City FC (ENG),1994-05-06
Croatia,9,Andrej Kramarić,Forward,TSG Hoffenheim (GER),1991-06-19
Croatia,10,Luka Modrić,Midfielder,AC Milan (ITA),1985-09-09
Croatia,11,Ante Budimir,Forward,CA Osasuna (ESP),1991-07-22
Croatia,12,Ivor Pandur,Goalkeeper,Hull City FC (ENG),2000-03-25
Croatia,13,Nikola Vlašić,Midfielder,Torino FC (ITA),1997-10-04
Croatia,14,Ivan Perišić,Forward,PSV Eindhoven (NED),1989-02-02
Croatia,15,Mario Pašalić,Midfielder,Atalanta Bergamo (ITA),1995-02-09
Croatia,16,Martin Baturina,Midfielder,Como (ITA),2003-02-16
Croatia,17,Petar Sučić,Midfielder,FC Internazionale Milano (ITA),2003-10-25
Croatia,18,Kristijan Jakić,Defender,FC Augsburg (GER),1997-05-14
Croatia,19,Toni Fruk,Midfielder,HNK Rijeka (CRO),2001-03-09
Croatia,20,Igor Matanović,Forward,SC Freiburg (GER),2003-03-31
Croatia,21,Luka Sučić,Midfielder,Real Sociedad (ESP),2002-09-08
Croatia,22,Luka Vušković,Defender,Hamburger SV (GER),2007-02-24
Croatia,23,Dominik Kotarski,Goalkeeper,FC København (DEN),2000-02-10
Croatia,24,Marco Pašalić,Forward,Orlando City SC (USA),2000-09-14
Croatia,25,Martin Erlić,Defender,FC Midtjylland (DEN),1998-01-24
Croatia,26,Petar Musa,Forward,FC Dallas (USA),1998-03-04
Curaçao,1,Eloy Victor Room,Goalkeeper,Miami FC (USA),1989-02-06
Curaçao,2,Shurandy Ruggerio Sambo,Defender,Sparta Rotterdam (NED),2001-08-19
Curaçao,3,Juriën Godfried Juan Gaari,Defender,Abha Club (KSA),1993-12-23
Curaçao,4,Róshón Felix Romar Jordan Van Eijma,Defender,RKC Waalwijk (NED),1998-06-09
Curaçao,5,Sherel Constancio Floranus,Defender,PEC Zwolle (NED),1998-08-23
Curaçao,6,Godfried Roemeratoe,Midfielder,RKC Waalwijk (NED),1999-08-19
Curaçao,7,Juninho Gracielo Bacuna,Midfielder,FC Volendam (NED),1997-08-07
Curaçao,8,Livano Shyron Liomar Comenencia,Midfielder,FC Zürich (SUI),2004-02-03
Curaçao,9,Jürgen Leonardo Locadia,Forward,Miami FC (USA),1993-11-07
Curaçao,10,Leandro Jones Johan Bacuna,Midfielder,Iğdır FK (TUR),1991-08-21
Curaçao,11,Jeremy Cornelis Jacobus Antonisse,Forward,AE Kisia FC (GRE),2002-03-29
Curaçao,12,Misjonne Juniffer Naigelino Hansen,Forward,Middlesbrough FC (ENG),2002-05-18
Curaçao,13,Tyrese Yurvencey Noslin,Forward,SC Telstar (NED),2002-09-11
Curaçao,14,Kenji Joël Gorré,Forward,Maccabi Haifa FC (ISR),1994-09-29
Curaçao,15,Ar'jany Jainel Archenir Martha,Midfielder,Rotherham United FC (ENG),2003-09-04
Curaçao,16,Jearl Erwin Margaritha,Forward,SK Beveren (BEL),2000-04-10
Curaçao,17,Brandley Mack-Olien Kuwas,Forward,FC Volendam (NED),1992-09-19
Curaçao,18,Armando Maria Obispo,Defender,PSV Eindhoven (NED),1999-03-05
Curaçao,19,Gervane Zjandric Adonnis Kastaneer,Forward,Terengganu FC (MAS),1996-06-09
Curaçao,20,Joshua Benjamin Brenet,Defender,Kayserispor (TUR),1994-03-20
Curaçao,21,Tahith Jose Girigorio Djorkaef Chong,Midfielder,Sheeld United FC (ENG),1999-12-04
Curaçao,22,Kevin Antonio Felida,Midfielder,FC Den Bosch (NED),1999-11-11
Curaçao,23,Riechedly Guillermo Bazoer,Defender,Konyaspor (TUR),1996-10-12
Curaçao,24,Deveron Lenny Fonville,Defender,NEC Nijmegen (NED),2003-05-16
Curaçao,25,Tyrick Jeremy Bodak,Goalkeeper,SC Telstar (NED),2002-05-15
Curaçao,26,Trevor Irving Doornbusch,Goalkeeper,VVV Venlo (NED),1999-07-06
Czechia,1,Matěj Kovář,Goalkeeper,PSV Eindhoven (NED),2000-05-17
Czechia,2,David Zima,Defender,SK Slavia Praha (CZE),2000-11-08
Czechia,3,Tomáš Holeš,Defender,SK Slavia Praha (CZE),1993-03-31
Czechia,4,Robin Hranáč,Defender,TSG Hoffenheim (GER),2000-01-29
Czechia,5,Vladimír Coufal,Defender,TSG Hoffenheim (GER),1992-08-22
Czechia,6,Štěpán Chaloupek,Defender,SK Slavia Praha (CZE),2003-03-08
Czechia,7,Ladislav Krejčí,Defender,Wolverhampton Wanderers FC (ENG),1999-04-20
Czechia,8,Vladimír Darida,Midfielder,FC Hradec Králové (CZE),1990-08-08
Czechia,9,Adam Hložek,Forward,TSG Hoffenheim (GER),2002-07-25
Czechia,10,Patrik Schick,Forward,Bayer 04 Leverkusen (GER),1996-01-24
Czechia,11,Jan Kuchta,Forward,AC Sparta Praha (CZE),1997-01-08
Czechia,12,Lukáš Červ,Midfielder,FC Viktoria Plzeň (CZE),2001-04-10
Czechia,13,Mojmír Chytil,Forward,SK Slavia Praha (CZE),1999-04-29
Czechia,14,David Jurásek,Defender,SK Slavia Praha (CZE),2000-08-07
Czechia,15,Pavel Šulc,Forward,Olympique Lyonnais (FRA),2000-12-29
Czechia,16,Jindřich Staněk,Goalkeeper,SK Slavia Praha (CZE),1996-04-27
Czechia,17,Lukáš Provod,Midfielder,SK Slavia Praha (CZE),1996-10-23
Czechia,18,Michal Sadílek,Midfielder,SK Slavia Praha (CZE),1999-05-31
Czechia,19,Tomáš Chorý,Forward,SK Slavia Praha (CZE),1995-01-26
Czechia,20,Jaroslav Zelený,Defender,AC Sparta Praha (CZE),1992-08-20
Czechia,21,David Douděra,Defender,SK Slavia Praha (CZE),1998-05-31
Czechia,22,Tomáš Souček,Midfielder,West Ham United FC (ENG),1995-02-27
Czechia,23,Lukáš Horníček,Goalkeeper,SC Braga (POR),2002-07-13
Czechia,24,Alexandr Sojka,Midfielder,FC Viktoria Plzeň (CZE),2003-04-02
Czechia,25,Hugo Sochůrek,Midfielder,AC Sparta Praha (CZE),2008-06-07
Czechia,26,Denis Višinský,Forward,FC Viktoria Plzeň (CZE),2003-03-21
Ecuador,1,Hernán Ismael Galíndez,Goalkeeper,CA Huracán (ARG),1987-03-30
Ecuador,2,Félix Eduardo Torres Caicedo,Defender,SC Internacional (BRA),1997-01-11
Ecuador,3,Piero Martin Hincapié Reyna,Defender,Arsenal FC (ENG),2002-01-09
Ecuador,4,Joel Leandro Ordóñez Guerrero,Defender,Club Brugge (BEL),2004-04-21
Ecuador,5,Jordy Jose Alcívar Macías,Midfielder,Independiente Del Valle (ECU),1999-08-05
Ecuador,6,Willian Joel Pacho Tenorio,Defender,Paris Saint-Germain (FRA),2001-10-16
Ecuador,7,Pervis Josue Estupiñán Tenorio,Defender,AC Milan (ITA),1998-01-21
Ecuador,8,Anthony Lenin Valencia Bajaña,Midfielder,Royal Antwerp FC (BEL),2003-07-21
Ecuador,9,John Yeboah Zamora,Forward,Venezia FC (ITA),2000-06-23
Ecuador,10,Ray Kendry Paez Andrade,Midfielder,CA River Plate (ARG),2007-05-04
Ecuador,11,Kevin Jose Rodríguez Cortez,Forward,Royale Union Saint-Gilloise (BEL),2000-03-04
Ecuador,12,Wellington Moisés Ramírez Preciado,Goalkeeper,AE Kisia FC (GRE),2000-09-09
Ecuador,13,Enner Remberto Valencia Lastra,Forward,CF Pachuca (MEX),1989-11-04
Ecuador,14,Alan Steve Minda Garcia,Midfielder,Atlético Mineiro (BRA),2003-05-14
Ecuador,15,Pedro Jeampierre Vite Uca,Midfielder,Pumas UNAM (MEX),2002-03-09
Ecuador,16,Jordy Josue Caicedo Medina,Forward,CA Huracán (ARG),1997-11-18
Ecuador,17,Ángelo Smit Preciado Quiñonez,Defender,Atlético Mineiro (BRA),1998-02-18
Ecuador,18,Denil Daniel Castillo Preciado,Midfielder,FC Midtjylland (DEN),2004-03-24
Ecuador,19,Gonzalo Jordy Plata Jimenez,Forward,CR Flamengo (BRA),2000-11-01
Ecuador,20,Nilson David Angulo Ramirez,Forward,Sunderland AFC (ENG),2003-06-19
Ecuador,21,Alan Steven Franco Palma,Midfielder,Atlético Mineiro (BRA),1998-08-21
Ecuador,22,Gonzalo Roberto Valle Bustamante,Goalkeeper,LDU Quito (ECU),1996-02-28
Ecuador,23,Moisés Isaac Caicedo Corozo,Midfielder,Chelsea FC (ENG),2001-11-02
Ecuador,24,Jeremy Alberto Arevalo Mera,Forward,VfB Stuttgart (GER),2005-03-19
Ecuador,25,Jackson Gabriel Porozo Vernaza,Defender,Club Tijuana (MEX),2000-08-04
Ecuador,26,Yaimar Abel Medina Ortiz,Defender,KRC Genk (BEL),2004-11-05
Egypt,1,Mohamed Elsayed Mohamed Elshenawy Gomaa,Goalkeeper,Al Ahly FC (EGY),1988-12-18
Egypt,2,Yasser Ahmed Ibrahim Elhanafy,Defender,Al Ahly FC (EGY),1993-02-10
Egypt,3,Mohamed Hany Gamal Eldemerdash,Defender,Al Ahly FC (EGY),1996-02-02
Egypt,4,Hossam Abdelmegeed Abdelsalam Abdelmegeed,Defender,Zamalek SC (EGY),2001-04-30
Egypt,5,Ramy Hisham Abdelaziz Moustafa Rabia,Defender,Al Ain FC (UAE),1993-05-20
Egypt,6,Mohamed Abdelmoneim Elsayed M Ahmed,Defender,OGC Nice (FRA),1999-02-01
Egypt,7,Mahmoud Ahmed Ibrahim Hassan,Forward,Al Ahly FC (EGY),1994-10-01
Egypt,8,Emam Ashour Metwaly Abdelghany,Midfielder,Al Ahly FC (EGY),1998-02-20
Egypt,9,Hamza Mohamed Abdelkarim E Selim,Forward,FC Barcelona (ESP),2008-01-01
Egypt,10,Mohamed Salah Hamed Mahrous Ghaly,Forward,Liverpool FC (ENG),1992-06-15
Egypt,11,Mostafa Mohamed Zaky Abdelraouf,Midfielder,Pyramids FC (EGY),1997-04-27
Egypt,12,Haissem Yousry Fouad A Hassan,Forward,Real Oviedo (ESP),2002-02-08
Egypt,13,Ahmed Mohamed Aboelfetouh Mohamed,Defender,Zamalek SC (EGY),1998-03-22
Egypt,14,Hamdy Fathy Abdelhalim Abdelfattah,Midfielder,Al Wakrah SC (QAT),1994-09-29
Egypt,15,Karim Hafez Ramadan Seifeldin,Defender,Pyramids FC (EGY),1996-03-12
Egypt,16,Mahdy Mohamed Soliman Ibrahim,Goalkeeper,Zamalek SC (EGY),1987-06-08
Egypt,17,Mohanad Mostafa Ahmed A Lashin,Midfielder,Pyramids FC (EGY),1996-05-29
Egypt,18,Nabil Emad Aly Elmahdy Aly,Midfielder,Al Najmah SC (KSA),1996-04-06
Egypt,19,Marawan Attia Fahim Ghallab,Midfielder,Al Ahly FC (EGY),1998-08-01
Egypt,20,Ibrahim Adel Aly Mohamed Hassan,Forward,FC Nordsjælland (DEN),2001-04-23
Egypt,21,Mahmoud Saber Abdelmohsen H Abdelmohsen,Midfielder,ZED FC (EGY),2001-07-30
Egypt,22,Omar Khaled Mohamed Abdelsalam Marmoush,Forward,Manchester City FC (ENG),1999-02-07
Egypt,23,Mostafa Ahmed Abdelaziz Mohame Shoubir,Goalkeeper,Al Ahly FC (EGY),2000-05-15
Egypt,24,Tarek Alaa Abdelghaffar Abdel Elgebaly,Defender,ZED FC (EGY),2002-01-05
Egypt,25,Ahmed Mostafa Mohamed Sayed,Forward,Al Ahly FC (EGY),1996-01-10
Egypt,26,Mohamed Alaaeldin Soliman M Ahmed,Goalkeeper,El Gouna FC (EGY),1999-01-01
England,1,Jordan Lee Pickford,Goalkeeper,Everton FC (ENG),1994-03-07
England,2,Ezri Ngoyo Konsa,Defender,Aston Villa FC (ENG),1997-10-23
England,3,Nico O'reilly,Defender,Manchester City FC (ENG),2005-03-21
England,4,Declan Rice,Midfielder,Arsenal FC (ENG),1999-01-14
England,5,John Stones,Defender,Manchester City FC (ENG),1994-05-28
England,6,Addji Keaninkin Marc-Isreal Guehi,Defender,Manchester City FC (ENG),2000-07-13
England,7,Bukayo Ayoyinka Saka,Forward,Arsenal FC (ENG),2001-09-05
England,8,Elliot Junior Anderson,Midfielder,Nottingham Forest FC (ENG),2002-11-06
England,9,Harry Edward Kane,Forward,FC Bayern München (GER),1993-07-28
England,10,Jude Victor William Bellingham,Midfielder,Real Madrid C. F. (ESP),2003-06-29
England,11,Marcus Rashford,Forward,FC Barcelona (ESP),1997-10-31
England,12,Valentino Francisco Livramento,Defender,Newcastle United FC (ENG),2002-11-12
England,13,Dean Bradley Henderson,Goalkeeper,Crystal Palace FC (ENG),1997-03-12
England,14,Jordan Brian Henderson,Midfielder,Brentford FC (ENG),1990-06-17
England,15,Daniel Johnson Burn,Defender,Newcastle United FC (ENG),1992-05-09
England,16,Kobbie Boateng Mainoo,Midfielder,Manchester United FC (ENG),2005-04-19
England,17,Morgan Elliot Rogers,Midfielder,Aston Villa FC (ENG),2002-07-26
England,18,Anthony Michael Gordon,Forward,Newcastle United FC (ENG),2001-02-24
England,19,Oliver George Arthur Watkins,Forward,Aston Villa FC (ENG),1995-12-30
England,20,Chukwunonso Azuka Tristan Madueke,Forward,Arsenal FC (ENG),2002-03-10
England,21,Eberechi Oluchi Eze,Midfielder,Arsenal FC (ENG),1998-06-29
England,22,Ivan Benjamin Elijah Toney,Forward,Al Ahli FC (KSA),1996-03-16
England,23,James Harrington Trafford,Goalkeeper,Manchester City FC (ENG),2002-10-10
England,24,Reece Lewis James,Defender,Chelsea FC (ENG),1999-12-08
England,25,Diop Tehuti Djed-Hotep Spence,Defender,Tottenham Hotspur FC (ENG),2000-08-09
England,26,Jarell Amorin Quansah,Defender,Bayer 04 Leverkusen (GER),2003-01-29
France,1,Brice Lauriche Samba,Goalkeeper,Stade Rennais FC (FRA),1994-04-25
France,2,Malo Arthur Gusto,Defender,Chelsea FC (ENG),2003-05-19
France,3,Lucas Digne,Defender,Aston Villa FC (ENG),1993-07-20
France,4,Dayotchanculle Oswald Upamecano,Defender,FC Bayern München (GER),1998-10-27
France,5,Jules Olivier Kounde,Defender,FC Barcelona (ESP),1998-11-12
France,6,Kouadio Emmanuel Boris Kone,Midfielder,AS Roma (ITA),2001-05-17
France,7,Masour Ousmane Dembele,Forward,Paris Saint-Germain (FRA),1997-05-15
France,8,Aurélien Djani Tchouameni,Midfielder,Real Madrid C. F. (ESP),2000-01-27
France,9,Marcus Lilian Thuram-Ulien,Forward,FC Internazionale Milano (ITA),1997-08-06
France,10,Kylian Mbappe Lottin,Forward,Real Madrid C. F. (ESP),1998-12-20
France,11,Michael Akpovie Olise,Forward,FC Bayern München (GER),2001-12-12
France,12,Bradley Jean-Manuel Essolisa A Barcola,Forward,Paris Saint-Germain (FRA),2002-09-02
France,13,N'golo Kante,Midfielder,Fenerbahçe SK (TUR),1991-03-29
France,14,Adrien Thibault Marie Rabiot,Midfielder,AC Milan (ITA),1995-04-03
France,15,Ibrahima Konaté,Defender,Liverpool FC (ENG),1999-05-25
France,16,Mike Peterson Maignan,Goalkeeper,AC Milan (ITA),1995-07-03
France,17,William Alain André Gabriel Saliba,Defender,Arsenal FC (ENG),2001-03-24
France,18,Warren Marie Jean-Pierre Zaïre-Emery,Midfielder,Paris Saint-Germain (FRA),2006-03-08
France,19,Théo Bernard François Hernandez,Defender,Al Hilal SC (KSA),1997-10-06
France,20,Désiré Nonka-Maho Doue,Forward,Paris Saint-Germain (FRA),2005-06-03
France,21,Lucas Francois Bernard Hernandez,Defender,Paris Saint-Germain (FRA),1996-02-14
France,22,Jean-Philippe Mateta,Forward,Crystal Palace FC (ENG),1997-06-28
France,23,Robin François Philippe Risser,Goalkeeper,RC Lens (FRA),2004-12-02
France,24,Mathis Rayan Cherki,Midfielder,Manchester City FC (ENG),2003-08-17
France,25,Maghnes Akliouche,Midfielder,AS Monaco (FRA),2002-02-25
France,26,Maxence Guy Lacroix,Defender,Crystal Palace FC (ENG),2000-04-06
Germany,1,Manuel Peter Neuer,Goalkeeper,FC Bayern München (GER),1986-03-27
Germany,2,Antonio Rüdiger,Defender,Real Madrid C. F. (ESP),1993-03-03
Germany,3,Waldemar Anton,Defender,Borussia Dortmund (GER),1996-07-20
Germany,4,Jonathan Glao Tah,Defender,FC Bayern München (GER),1996-02-11
Germany,5,Aleksandar Pavlović,Midfielder,FC Bayern München (GER),2004-05-03
Germany,6,Joshua Walter Kimmich,Defender,FC Bayern München (GER),1995-02-08
Germany,7,Kai Lukas Havertz,Forward,Arsenal FC (ENG),1999-06-11
Germany,8,Leon Christoph Goretzka,Midfielder,FC Bayern München (GER),1995-02-06
Germany,9,Jamie Jaleel Jeremy Leweling,Midfielder,VfB Stuttgart (GER),2001-02-26
Germany,10,Jamal Musiala,Midfielder,FC Bayern München (GER),2003-02-26
Germany,11,Nick Woltemade,Forward,Newcastle United FC (ENG),2002-02-14
Germany,12,Oliver Baumann,Goalkeeper,TSG Hoffenheim (GER),1990-06-02
Germany,13,Pascal Alexander Groß,Midfielder,Brighton & Hove Albion FC (ENG),1991-06-15
Germany,14,Maximilian Beier,Forward,Borussia Dortmund (GER),2002-10-17
Germany,15,Nico Cédric Schlotterbeck,Defender,Borussia Dortmund (GER),1999-12-01
Germany,16,Angelo Nicolas Stiller,Midfielder,VfB Stuttgart (GER),2001-04-04
Germany,17,Florian Richard Wirtz,Midfielder,Liverpool FC (ENG),2003-05-03
Germany,18,Nathaniel Christopher Brown,Defender,Eintracht Frankfurt (GER),2003-06-16
Germany,19,Leroy Aziz Sané,Midfielder,Galatasaray SK (TUR),1996-01-11
Germany,20,Nadiem Amiri,Midfielder,1. FSV Mainz 05 (GER),1996-10-27
Germany,21,Alexander Nübel,Goalkeeper,VfB Stuttgart (GER),1996-09-30
Germany,22,David Raum,Defender,RB Leipzig (GER),1998-04-22
Germany,23,Felix Kalu Nmecha,Midfielder,Borussia Dortmund (GER),2000-10-10
Germany,24,Malick Thiaw,Defender,Newcastle United FC (ENG),2001-08-08
Germany,25,Forzan Assan Ouédraogo,Midfielder,RB Leipzig (GER),2006-05-09
Germany,26,Deniz Undav,Forward,VfB Stuttgart (GER),1996-07-19
Ghana,1,Lawrence Ati Zigi,Goalkeeper,FC St. Gallen (SUI),1996-11-29
Ghana,2,Alidu Seidu,Defender,Stade Rennais FC (FRA),2000-06-04
Ghana,3,Caleb Marfo Yirenkyi,Midfielder,FC Nordsjælland (DEN),2006-01-15
Ghana,4,Jonas Adjei Adjetey,Defender,VfL Wolfsburg (GER),2003-12-13
Ghana,5,Thomas Teye Partey,Midfielder,Villarreal CF (ESP),1993-06-13
Ghana,6,Abdul Mumin Suleman,Defender,Rayo Vallecano (ESP),1998-06-06
Ghana,7,Abdul Fatawu Issahaku,Forward,Leicester City FC (ENG),2004-03-08
Ghana,8,Kwasi Sibo,Midfielder,Real Oviedo (ESP),1998-06-24
Ghana,9,Jordan Pierre Ayew,Forward,Leicester City FC (ENG),1991-09-11
Ghana,10,Solomon Brandon Michael Clarke Thomas-Asante,Forward,Coventry City FC (ENG),1998-12-29
Ghana,11,Antoine Serlom Semenyo,Midfielder,Manchester City FC (ENG),2000-01-07
Ghana,12,Joseph Tetteh Anang,Goalkeeper,St Patrick's Athletic FC (IRL),2000-06-08
Ghana,13,Christopher Bonsu Baah,Forward,Al Qadsiah FC (KSA),2004-12-14
Ghana,14,Gideon Mensah,Defender,AJ Auxerre (FRA),1998-07-18
Ghana,15,Elisha Owusu,Midfielder,AJ Auxerre (FRA),1997-11-07
Ghana,16,Benjamin Asare,Goalkeeper,Hearts Of Oak SC (GHA),1992-07-13
Ghana,17,Abdul Rahaman Baba,Defender,PAOK Saloniki (GRE),1994-07-02
Ghana,18,Jerome Opoku,Defender,Başakşehir FK (TUR),1998-10-14
Ghana,19,Inaki Williams Arthuer,Forward,Athletic Club (ESP),1994-06-15
Ghana,20,Augustine Boakye,Midfielder,AS Saint-Etienne (FRA),2000-11-03
Ghana,21,Kojo Peprah Oppong,Defender,OGC Nice (FRA),2004-06-04
Ghana,22,Kamal Deen Sulemana,Forward,Atalanta Bergamo (ITA),2002-02-15
Ghana,23,Derrick Luckassen,Defender,Pafos FC (CYP),1995-07-03
Ghana,24,Ernest Nuamah Appiah,Forward,Olympique Lyonnais (FRA),2003-11-01
Ghana,25,Prince Kwabena Adu,Forward,FC Viktoria Plzeň (CZE),2003-09-23
Ghana,26,Marvin Elom Senaya,Defender,AJ Auxerre (FRA),2001-01-28
Haiti,1,Johny Placide,Goalkeeper,SC Bastia (FRA),1988-01-29
Haiti,2,Carlens Jean Fedlaire Ruby Arcus,Defender,Angers SCO (FRA),1996-06-28
Haiti,3,Keeto Thermoncy,Defender,BSC Young Boys (SUI),2006-03-29
Haiti,4,Ricardo Ade,Defender,LDU Quito (ECU),1990-05-21
Haiti,5,Hannes Piterson D Delcroix,Defender,FC Lugano (SUI),1999-02-28
Haiti,6,Carl Fred Sainte,Midfielder,El Paso Locomotive FC (USA),2002-08-09
Haiti,7,Derrick Burckley Etienne Jr,Forward,Toronto FC (CAN),1996-11-25
Haiti,8,Martin Yves Roberns Didier Experience,Defender,AS Nancy (FRA),1999-03-09
Haiti,9,Duckens Nazon,Forward,Esteghlal Tehran FC (IRN),1994-04-07
Haiti,10,Jean Ricner Bellegarde,Midfielder,Wolverhampton Wanderers FC (ENG),1998-06-27
Haiti,11,Don Deedson Louicius,Forward,FC Dallas (USA),2001-02-11
Haiti,12,Alexandre Jr Pierre,Goalkeeper,FC Sochaux-Montbéliard (FRA),2001-02-25
Haiti,13,Markhus Lacroix,Defender,Colorado Springs Switchbacks FC (USA),1993-10-14
Haiti,14,Leverton Pierre,Midfielder,FC Vizela (POR),1998-03-09
Haiti,15,Ruben Fritzner Providence,Forward,Almere City FC (NED),2001-07-07
Haiti,16,Lenny Alvin Pico Joseph,Forward,Ferencvárosi TC (HUN),2000-10-12
Haiti,17,Danley Jean Jacques,Midfielder,Philadelphia Union (USA),2000-05-20
Haiti,18,Wilson Isidor,Forward,Sunderland AFC (ENG),2000-08-27
Haiti,19,Yassin Enzo Fortune,Forward,FC Vizela (POR),1999-01-30
Haiti,20,Frantzdy Pierrot,Forward,Çaykur Rizespor (TUR),1995-03-29
Haiti,21,Josue Jeremie Casimir,Forward,AJ Auxerre (FRA),2001-09-24
Haiti,22,Jean-Kévin Duverne,Defender,KAA Gent (BEL),1997-07-12
Haiti,23,Josue Duverger,Goalkeeper,FC Cosmos Koblenz (GER),2000-04-27
Haiti,24,Wilguens Raphael Polynice Paugain,Defender,SV Zulte Waregem (BEL),2001-08-24
Haiti,25,Dominique Celidor Simon,Midfielder,FC Tatran Prešov (SVK),2000-07-29
Haiti,26,Olivier Woodensky Pierre,Midfielder,Violette AC (HAI),2004-12-30
IR Iran,1,Ali Reza Safarbeiranvand,Goalkeeper,Tractor Sazi Tabriz FC (IRN),1992-09-21
IR Iran,2,Saleh Hardani Kherad,Defender,Esteghlal Tehran FC (IRN),1998-12-26
IR Iran,3,Ehsan Haji Safi,Defender,Sepahan SC (IRN),1990-02-25
IR Iran,4,Shojae Khalilzadeh,Defender,Tractor Sazi Tabriz FC (IRN),1989-05-14
IR Iran,5,Milad Mohammadikeshmarzi,Defender,Persepolis FC (IRN),1993-09-29
IR Iran,6,Saeid Ezatolahi Afagh,Midfielder,Shabab Al Ahli Club (UAE),1996-10-01
IR Iran,7,Alireza Jahanbakhsh Jirandeh,Midfielder,FCV Dender EH (BEL),1993-08-11
IR Iran,8,Mohammad Mohebbi,Midfielder,FC Rostov (RUS),1998-12-20
IR Iran,9,Mehdi Taremi,Forward,Olympiacos FC (GRE),1992-07-18
IR Iran,10,Mehdi Ghayedi,Forward,Al Nasr SC (UAE),1998-12-05
IR Iran,11,Ali Alipourghara,Forward,Persepolis FC (IRN),1995-11-11
IR Iran,12,Seyedpayam Niazmand,Goalkeeper,Persepolis FC (IRN),1995-04-06
IR Iran,13,Mohammadhossein Kanani Zadegan,Defender,Persepolis FC (IRN),1994-03-23
IR Iran,14,Seyed Saman Ghoddoos,Midfielder,Al Ittihad Kalba SCC (UAE),1993-09-06
IR Iran,15,Roozbeh Cheshmi,Midfielder,Esteghlal Tehran FC (IRN),1993-07-24
IR Iran,16,Mahdi Torabi,Midfielder,Tractor Sazi Tabriz FC (IRN),1994-09-10
IR Iran,17,Arya Yousefi,Defender,Sepahan SC (IRN),2002-04-22
IR Iran,18,Amirhossein Hosseinzadehtazehgheshlagh,Forward,Tractor Sazi Tabriz FC (IRN),2000-10-30
IR Iran,19,Ali Nemati,Defender,Foolad Khuzestan FC (IRN),1996-02-08
IR Iran,20,Shahriyar Moghanloo,Forward,Al Ittihad Kalba SCC (UAE),1994-12-21
IR Iran,21,Mohammad Ghorbani,Midfielder,Al Wahda SC (UAE),2001-10-07
IR Iran,22,Seyedhossein Hosseini,Goalkeeper,Sepahan SC (IRN),1992-06-30
IR Iran,23,Ramin Rezaeiansemeskandi,Defender,Foolad Khuzestan FC (IRN),1990-03-21
IR Iran,24,Dennis Dargahi,Forward,Standard Liège (BEL),1997-01-09
IR Iran,25,Danial Iri,Defender,Malavan Anzali FC (IRN),2003-10-26
IR Iran,26,Amirmohammad Razaghinia,Midfielder,Esteghlal Tehran FC (IRN),2006-04-11
Iraq,1,Fahad Talib Raheem Raheem,Goalkeeper,Al Talaba SC (IRQ),1994-10-21
Iraq,2,Rebin Ghareeb Solaka Adhamat,Defender,Port FC (THA),1992-04-12
Iraq,3,Hussein Haydar Hussein Ali,Defender,Pogoń Szczecin (POL),2002-03-01
Iraq,4,Zaid Tahseen Abd Zaid Hantoosh,Defender,Pakhtakor Tashkent FK (UZB),2001-01-29
Iraq,5,Akam Hashim Rahman Rahman,Defender,Al Zawra'a SC (IRQ),1998-08-16
Iraq,6,Munaf Younus Hashim Al-Tekreeti,Defender,Al Shorta SC (IRQ),1996-11-16
Iraq,7,Youssef Wali Faeq Amyn,Midfielder,AEK Larnaca FC (CYP),2003-08-21
Iraq,8,Ibrahim Bayesh Kamil Al-Kaabawi,Midfielder,Al Dhafra SCC (UAE),2000-05-01
Iraq,9,Ali Ibrahim Karim Alzubaidi,Forward,Luton Town FC (ENG),2002-03-01
Iraq,10,Mohanad Ali Kadhim Al-Shammari,Forward,Dibba FC (UAE),2000-06-20
Iraq,11,Ahmed Ihab Ahmed Ahmed,Forward,Nashville SC (USA),2003-07-12
Iraq,12,Jalal Hasan Hachim Hachim,Goalkeeper,Al Zawra'a SC (IRQ),1991-05-18
Iraq,13,Ali Yousif Hashim Najatee,Forward,Al Talaba SC (IRQ),1996-01-19
Iraq,14,Zidane Aamar Iqbal Iqbal,Midfielder,FC Utrecht (NED),2003-04-27
Iraq,15,Ahmed Hasan Maknazi Al-Deeshawee,Defender,Al Karma SC (IRQ),2001-09-24
Iraq,16,Amir Fouad Aboud Al-Ammari,Midfielder,KS Cracovia (POL),1997-07-27
Iraq,17,Ali Jasim Elaibi Al-Tameemi,Forward,Al Najmah SC (KSA),2004-01-20
Iraq,18,Aymen Hussein Ghadhban Ghadhban,Forward,Al Karma SC (IRQ),1996-03-22
Iraq,19,Kevin Enkido Yakob William William,Midfielder,Aarhus GF (DEN),2000-10-10
Iraq,20,Aimar Hazar Anwar Sher,Midfielder,Sarpsborg 08 FF (NOR),2002-12-20
Iraq,21,Marko Jabbar Hussein Hussein,Forward,Venezia FC (ITA),2004-03-16
Iraq,22,Ahmed Basil Fadhil Al-Fadhli,Goalkeeper,Al Shorta SC (IRQ),1996-08-19
Iraq,23,Merchas Ghazi Salih Salih,Defender,FC Viktoria Plzeň (CZE),1999-12-07
Iraq,24,Zaid Ismael Khaleel Al-Dulaimi,Midfielder,Al Talaba SC (IRQ),2002-01-03
Iraq,25,Mustafa Saadoon Abbood Al Korji,Defender,Al Shorta SC (IRQ),2001-05-25
Iraq,26,Frans Dhia Jirjis Haddad,Defender,Persib Bandung (IDN),1993-07-14
Japan,1,Zion Suzuki,Goalkeeper,Parma (ITA),2002-08-21
Japan,2,Yukinari Sugawara,Defender,SV Werder Bremen (GER),2000-06-28
Japan,3,Shogo Taniguchi,Defender,Sint-Truiden VV (BEL),1991-07-15
Japan,4,Kou Itakura,Defender,AFC Ajax (NED),1997-01-27
Japan,5,Yuto Nagatomo,Defender,FC Tokyo (JPN),1986-09-12
Japan,6,Wataru Endo,Midfielder,Liverpool FC (ENG),1993-02-09
Japan,7,Ao Tanaka,Midfielder,Leeds United FC (ENG),1998-09-10
Japan,8,Takefusa Kubo,Midfielder,Real Sociedad (ESP),2001-06-04
Japan,9,Keisuke Goto,Forward,Sint-Truiden VV (BEL),2005-06-03
Japan,10,Ritsu Doan,Midfielder,Eintracht Frankfurt (GER),1998-06-16
Japan,11,Daizen Maeda,Midfielder,Celtic FC (SCO),1997-10-20
Japan,12,Keisuke Osako,Goalkeeper,Sanfrecce Hiroshima (JPN),1999-07-28
Japan,13,Keito Nakamura,Midfielder,Stade Reims (FRA),2000-07-28
Japan,14,Junya Ito,Midfielder,KRC Genk (BEL),1993-03-09
Japan,15,Daichi Kamada,Midfielder,Crystal Palace FC (ENG),1996-08-05
Japan,16,Tsuyoshi Watanabe,Defender,Feyenoord Rotterdam (NED),1997-02-05
Japan,17,Yuito Suzuki,Midfielder,SC Freiburg (GER),2001-10-25
Japan,18,Ayase Ueda,Forward,Feyenoord Rotterdam (NED),1998-08-28
Japan,19,Koki Ogawa,Forward,NEC Nijmegen (NED),1997-08-08
Japan,20,Ayumu Seko,Defender,Le Havre AC (FRA),2000-06-07
Japan,21,Hiroki Ito,Defender,FC Bayern München (GER),1999-05-12
Japan,22,Takehiro Tomiyasu,Defender,AFC Ajax (NED),1998-11-05
Japan,23,Tomoki Hayakawa,Goalkeeper,Kashima Antlers (JPN),1999-03-03
Japan,24,Kaishu Sano,Midfielder,1. FSV Mainz 05 (GER),2000-12-30
Japan,25,Junnosuke Suzuki,Defender,FC København (DEN),2003-07-12
Japan,26,Kento Shiogai,Forward,VfL Wolfsburg (GER),2005-03-26
Jordan,1,Yazeed Mo'ien Hasan Abulaila,Goalkeeper,Al Hussein SC (JOR),1993-01-08
Jordan,2,Mohammad Ali Hasan Abuhasheesh,Defender,Al Karma SC (IRQ),1995-05-09
Jordan,3,Abdallah Mousa Musallam Nasib,Defender,Al Zawra'a SC (IRQ),1994-02-25
Jordan,4,Husam Ali Mohammad Abudahab,Defender,Al Faisaly SC (JOR),2000-05-13
Jordan,5,Yazan Mousa Mahmoud Alarab,Defender,FC Seoul (KOR),1996-01-31
Jordan,6,Amer Rasem Adel Jamous,Midfielder,Al Zawra'a SC (IRQ),2002-07-03
Jordan,7,Mohammad Faisal Yousef Abu Zraiq,Forward,Raja Casablanca (MAR),1997-12-30
Jordan,8,Noor Al-Deen Mahmoud Ali Al Rawabdeh,Midfielder,Selangor FC (MAS),1997-02-24
Jordan,9,Ali Iyad Ali Olwan,Forward,Al Sailiya SC (QAT),2000-03-26
Jordan,10,Mousa Mohammad Mousa Suleiman,Forward,Stade Rennais FC (FRA),1997-06-10
Jordan,11,Odeh Burhan Shehadeh Fakhoury,Forward,Pyramids FC (EGY),2005-11-22
Jordan,12,Noureddin Zaid Khaleel Bani Ateyah,Goalkeeper,Al Faisaly SC (JOR),1993-01-25
Jordan,13,Mahmoud Nayef Ahmad Almardi,Forward,Al Hussein SC (JOR),1993-10-06
Jordan,14,Raja'ei Ayed Fadel Hasan,Midfielder,Al Hussein SC (JOR),1993-07-25
Jordan,15,Ibrahim Mohammad Sami Sa'deh,Midfielder,Al Karma SC (IRQ),2000-04-27
Jordan,16,Mohammad Majed Jamil Abualnadi,Defender,Selangor FC (MAS),2001-02-08
Jordan,17,Saleem Amer Saleem Obaid,Defender,Al Hussein SC (JOR),1992-01-17
Jordan,18,Mohammad Ahmed Mohammad Taha,Midfielder,Al Hussein SC (JOR),2005-07-13
Jordan,19,Sa'ed Ahmad Salameh Alrosan,Defender,Al Hussein SC (JOR),1997-02-01
Jordan,20,Mohannad Mahmoud Saleh Abu Taha,Midfielder,Al-Quwa Al-Jawiya (IRQ),2003-02-02
Jordan,21,Nizar Mahmoud Ahmed Al-Rashdan,Midfielder,Qatar SC (QAT),1999-03-23
Jordan,22,Abdallah Ra'ed Mahmoud Alfakhori,Goalkeeper,Al Wahdat SC (JOR),2000-01-22
Jordan,23,Ehsan Manel Farhan Haddad,Defender,Al Hussein SC (JOR),1994-02-05
Jordan,24,Ali Ahmad Ali Azaizeh,Forward,Al Shabab FC (KSA),2004-04-13
Jordan,25,Mohammad Ratib Mohammad Aldaoud,Midfielder,Al Wahdat SC (JOR),1992-04-12
Jordan,26,Anas Said Ghazi Badawi,Defender,Al Faisaly SC (JOR),1997-09-13
Korea Republic,1,Seunggyu Kim,Goalkeeper,FC Tokyo (JPN),1990-09-30
Korea Republic,2,Hanbeom Lee,Defender,FC Midtjylland (DEN),2002-06-17
Korea Republic,3,Gihyuk Lee,Midfielder,Gangwon FC (KOR),2000-07-07
Korea Republic,4,Minjae Kim,Defender,FC Bayern München (GER),1996-11-15
Korea Republic,5,Taehyeon Kim,Defender,Kashima Antlers (JPN),2000-09-17
Korea Republic,6,Inbeom Hwang,Midfielder,Feyenoord Rotterdam (NED),1996-09-20
Korea Republic,7,Heung Min Son,Forward,LAFC (USA),1992-07-08
Korea Republic,8,Seungho Paik,Midfielder,Birmingham City FC (ENG),1997-03-17
Korea Republic,9,Guesung Cho,Forward,FC Midtjylland (DEN),1998-01-25
Korea Republic,10,Jae Sung Lee,Midfielder,1. FSV Mainz 05 (GER),1992-08-10
Korea Republic,11,Hee Chan Hwang,Midfielder,Wolverhampton Wanderers FC (ENG),1996-01-26
Korea Republic,12,Bumkeun Song,Goalkeeper,Jeonbuk Hyundai Motors FC (KOR),1997-10-15
Korea Republic,13,Taeseok Lee,Defender,FK Austria Wien (AUT),2002-07-28
Korea Republic,14,Wije Cho,Defender,Jeonbuk Hyundai Motors FC (KOR),2001-08-25
Korea Republic,15,Moonhwan Kim,Defender,Daejeon Hana Citizen FC (KOR),1995-08-01
Korea Republic,16,Jinseob Park,Defender,Zhejiang FC (CHN),1995-10-23
Korea Republic,17,Junho Bae,Midfielder,Stoke City FC (ENG),2003-08-21
Korea Republic,18,Hyeongyu Oh,Forward,Beşiktaş JK (TUR),2001-04-12
Korea Republic,19,Kangin Lee,Midfielder,Paris Saint-Germain (FRA),2001-02-19
Korea Republic,20,Hyunjun Yang,Midfielder,Celtic FC (SCO),2002-05-25
Korea Republic,21,Hyeonwoo Jo,Goalkeeper,Ulsan HD (KOR),1991-09-25
Korea Republic,22,Youngwoo Seol,Defender,FK Crvena Zvezda (SRB),1998-12-05
Korea Republic,23,Jens Castrop,Defender,Borussia Mönchengladbach (GER),2003-07-29
Korea Republic,24,Jingyu Kim,Midfielder,Jeonbuk Hyundai Motors FC (KOR),1997-02-24
Korea Republic,25,Jisung Eom,Midfielder,Swansea City AFC (WAL),2002-05-09
Korea Republic,26,Donggyeong Lee,Midfielder,Ulsan HD (KOR),1997-09-20
Mexico,1,José Raúl Rangel Aguilar,Goalkeeper,CD Guadalajara (MEX),2000-02-25
Mexico,2,Jorge Eduardo Sánchez Ramos,Defender,PAOK Saloniki (GRE),1997-12-10
Mexico,3,César Jasib Montes Castro,Defender,FC Lokomotiv Moscow (RUS),1997-02-24
Mexico,4,Edson Omar Álvarez Velázquez,Defender,Fenerbahçe SK (TUR),1997-10-24
Mexico,5,Johan Felipe Vásquez Ibarra,Defender,Genoa CFC (ITA),1998-10-22
Mexico,6,Erik Antonio Lira Méndez,Midfielder,CF Cruz Azul (MEX),2000-05-08
Mexico,7,Luis Francisco Romo Barrón,Midfielder,CD Guadalajara (MEX),1995-06-05
Mexico,8,Álvaro Fidalgo Fernández,Midfielder,Real Betis (ESP),1997-04-09
Mexico,9,Raúl Alonso Jiménez Rodríguez,Forward,Fulham FC (ENG),1991-05-05
Mexico,10,Ernesto Alexis Vega Rojas,Forward,Deportivo Toluca FC (MEX),1997-11-25
Mexico,11,Santiago Tomás Gimenez,Forward,AC Milan (ITA),2001-04-18
Mexico,12,Carlos Acevedo López,Goalkeeper,Club Santos Laguna (MEX),1996-04-19
Mexico,13,Francisco Guillermo Ochoa Magaña,Goalkeeper,AEL Limassol (CYP),1985-07-13
Mexico,14,Armando González Alba,Forward,CD Guadalajara (MEX),2003-04-20
Mexico,15,Israel Reyes Romero,Defender,Club América (MEX),2000-05-23
Mexico,16,Julián Andrés Quiñones Quiñones,Forward,Al Qadsiah FC (KSA),1997-03-24
Mexico,17,Orbelín Pineda Alvarado,Midfielder,AEK Athens (GRE),1996-03-24
Mexico,18,Obed Goméz Vargas,Midfielder,Atlético De Madrid (ESP),2005-08-05
Mexico,19,Gilberto Rafael Mora Zambrano,Midfielder,Club Tijuana (MEX),2008-10-14
Mexico,20,Mateo Chávez García,Defender,AZ Alkmaar (NED),2004-05-12
Mexico,21,César Saúl Huerta Valera,Forward,RSC Anderlecht (BEL),2000-12-03
Mexico,22,Guillermo Martínez Ayala,Forward,Pumas UNAM (MEX),1995-03-15
Mexico,23,Jesús Daniel Gallardo Vasconcelos,Defender,Deportivo Toluca FC (MEX),1994-08-15
Mexico,24,Luis Gerardo Chávez Magallón,Midfielder,FC Dynamo Moscow (RUS),1996-01-15
Mexico,25,Roberto Carlos Alvarado Hernández,Forward,CD Guadalajara (MEX),1998-09-07
Mexico,26,Brian Gutiérrez,Midfielder,CD Guadalajara (MEX),2003-06-17
Morocco,1,Yassine Bounou,Goalkeeper,Al Hilal SC (KSA),1991-04-05
Morocco,2,Achraf Hakimi,Defender,Paris Saint-Germain (FRA),1998-11-04
Morocco,3,Noussair Mazraoui,Defender,Manchester United FC (ENG),1997-11-14
Morocco,4,Sofyan Amrabat,Midfielder,Real Betis (ESP),1996-08-21
Morocco,5,Marwane Saadane,Defender,Al Fateh SC (KSA),1992-01-17
Morocco,6,Ayyoub Bouaddi,Midfielder,Lille OSC (FRA),2007-10-02
Morocco,7,Chemsdine Talbi,Midfielder,Sunderland AFC (ENG),2005-05-09
Morocco,8,Azz-Eddine Ounahi,Midfielder,Girona FC (ESP),2000-04-19
Morocco,9,Souane Rahimi,Forward,Al Ain FC (UAE),1996-06-02
Morocco,10,Brahim Abdelkader Diaz,Forward,Real Madrid C. F. (ESP),1999-08-03
Morocco,11,Ismael Saibari,Midfielder,PSV Eindhoven (NED),2001-01-28
Morocco,12,Monir El Kajoui,Goalkeeper,RS Berkane (MAR),1989-05-10
Morocco,13,Zakaria El Ouahdi,Defender,KRC Genk (BEL),2001-12-31
Morocco,14,Issa Laye Lucas Jean Diop,Defender,Fulham FC (ENG),1997-01-09
Morocco,15,Samir El Mourabet,Midfielder,RC Strasbourg (FRA),2005-10-06
Morocco,16,Gessime Ben Youssef Mustapha Yassine,Midfielder,RC Strasbourg (FRA),2005-11-22
Morocco,17,Mohamed Amine Sbaï,Forward,Angers SCO (FRA),2000-11-05
Morocco,18,Chadi Riad,Defender,Crystal Palace FC (ENG),2003-06-17
Morocco,19,Youssef Belammari,Defender,Al Ahly FC (EGY),1998-09-20
Morocco,20,Ayoub El Kaabi,Forward,Olympiacos FC (GRE),1993-06-25
Morocco,21,Ayoube Amaimouni,Forward,Eintracht Frankfurt (GER),2004-11-30
Morocco,22,Ahmed Reda Tagnaouti,Goalkeeper,ASFAR (MAR),1996-04-05
Morocco,23,Bilal El Khannouss,Midfielder,VfB Stuttgart (GER),2004-05-10
Morocco,24,Neil Yoni El Aynaoui,Midfielder,AS Roma (ITA),2001-07-02
Morocco,25,Redouane Halhal,Defender,KV Mechelen (BEL),2003-03-05
Morocco,26,Anass Salah Eddine,Defender,PSV Eindhoven (NED),2002-01-18
Netherlands,1,Bart Verbruggen,Goalkeeper,Brighton & Hove Albion FC (ENG),2002-08-18
Netherlands,2,Lutsharel Emiliano Geertruida,Defender,Sunderland AFC (ENG),2000-07-18
Netherlands,3,Marten Elco De Roon,Midfielder,Atalanta Bergamo (ITA),1991-03-29
Netherlands,4,Virgil Van Dijk,Defender,Liverpool FC (ENG),1991-07-08
Netherlands,5,Nathan Benjamin Ake,Defender,Manchester City FC (ENG),1995-02-18
Netherlands,6,Jan-Paul Van Hecke,Defender,Brighton & Hove Albion FC (ENG),2000-06-08
Netherlands,7,Justin Dean Kluivert,Midfielder,AFC Bournemouth (ENG),1999-05-05
Netherlands,8,Ryan Jiro Gravenberch,Midfielder,Liverpool FC (ENG),2002-05-16
Netherlands,9,Wout François Maria Weghorst,Forward,AFC Ajax (NED),1992-08-07
Netherlands,10,Memphis Depay,Forward,SC Corinthians (BRA),1994-02-13
Netherlands,11,Cody Mathès Gakpo,Forward,Liverpool FC (ENG),1999-05-07
Netherlands,12,Mats Henrik Berne Wieffer,Defender,Brighton & Hove Albion FC (ENG),1999-11-16
Netherlands,13,Robin Gerardus Petrus Roefs,Goalkeeper,Sunderland AFC (ENG),2003-01-17
Netherlands,14,Tijjani Martinus Jan Reijnders,Midfielder,Manchester City FC (ENG),1998-07-29
Netherlands,15,Micky Van de Ven,Defender,Tottenham Hotspur FC (ENG),2001-04-19
Netherlands,16,Guus Berend Til,Midfielder,PSV Eindhoven (NED),1997-12-22
Netherlands,17,Noa Noëll Lang,Forward,Galatasaray SK (TUR),1999-06-17
Netherlands,18,Donyell Malen,Forward,AS Roma (ITA),1999-01-19
Netherlands,19,Brian Ebenezer Adjei Brobbey,Forward,Sunderland AFC (ENG),2002-02-01
Netherlands,20,Teun Koopmeiners,Midfielder,Juventus FC (ITA),1998-02-28
Netherlands,21,Frenkie De Jong,Midfielder,FC Barcelona (ESP),1997-05-12
Netherlands,22,Denzel Justus Morris Dumfries,Defender,FC Internazionale Milano (ITA),1996-04-18
Netherlands,23,Mark Maria Hubertus Flekken,Goalkeeper,Bayer 04 Leverkusen (GER),1993-06-13
Netherlands,24,Crysencio Jilbert Sylverio Cir Summerville,Forward,West Ham United FC (ENG),2001-10-30
Netherlands,25,Jorrel Evan Hato,Defender,Chelsea FC (ENG),2006-03-07
Netherlands,26,Quinten Ryan Crispito Timber,Midfielder,Olympique Marseille (FRA),2001-06-17
New Zealand,1,Maxime Teremoana Crocombe,Goalkeeper,Millwall FC (ENG),1993-08-12
New Zealand,2,Timothy John Payne,Defender,Wellington Phoenix FC (NZL),1994-01-10
New Zealand,3,Francis De Vries,Defender,Auckland FC (NZL),1994-11-28
New Zealand,4,Tyler Grant Bindon,Defender,Sheeld United FC (ENG),2005-01-27
New Zealand,5,Michael Joseph Boxall,Defender,Minnesota United FC (USA),1988-08-18
New Zealand,6,Joe Zen Robert Bell,Midfielder,Viking Stavanger (NOR),1999-04-27
New Zealand,7,Matthew Jimmy David Garbett,Midfielder,Peterborough United FC (ENG),2002-04-13
New Zealand,8,Marko Seufatu Nikola Stamenic,Midfielder,Swansea City AFC (WAL),2002-02-19
New Zealand,9,Christopher Grant Wood,Forward,Nottingham Forest FC (ENG),1991-12-07
New Zealand,10,Sarpreet Singh,Midfielder,Wellington Phoenix FC (NZL),1999-02-20
New Zealand,11,Elijah Henry Just,Midfielder,Motherwell FC (SCO),2000-05-01
New Zealand,12,Alexander Noah Paulsen,Goalkeeper,Lechia Gdańsk (POL),2002-07-04
New Zealand,13,Liberato Gianpaolo Cacace,Defender,Wrexham AFC (WAL),2000-09-27
New Zealand,14,Alex Arthur Rufer,Midfielder,Wellington Phoenix FC (NZL),1996-06-12
New Zealand,15,Nando Zen Pijnaker,Defender,Auckland FC (NZL),1999-02-25
New Zealand,16,Finn Surman,Defender,Portland Timbers (USA),2003-09-23
New Zealand,17,Kosta Barbarouses,Forward,WS Wanderers FC (AUS),1990-02-19
New Zealand,18,Benjamin Peter Waine,Forward,Port Vale FC (ENG),2001-06-11
New Zealand,19,Benjamin Craig Old,Midfielder,AS Saint-Etienne (FRA),2002-08-13
New Zealand,20,Callum William Mccowatt,Midfielder,Silkeborg IF (DEN),1999-04-30
New Zealand,21,Jesse Carmichael Randall,Forward,Auckland FC (NZL),2002-08-19
New Zealand,22,Michael Cornelis Woud,Goalkeeper,Auckland FC (NZL),1999-01-16
New Zealand,23,Ryan Jared Thomas,Midfielder,PEC Zwolle (NED),1994-12-20
New Zealand,24,Callan Rennie Elliot,Defender,Auckland FC (NZL),1999-07-07
New Zealand,25,Lachlan Ryan Bayliss,Midfielder,Newcastle United Jets FC (AUS),2002-07-24
New Zealand,26,Thomas Jefferson Smith,Defender,Braintree Town FC (ENG),1990-03-31
Norway,1,Ørjan Haskjold Nyland,Goalkeeper,Sevilla FC (ESP),1990-09-10
Norway,2,Morten Thorsby,Midfielder,US Cremonese (ITA),1996-05-05
Norway,3,Kristoffer Vassbakk Köpp Ajer,Defender,Brentford FC (ENG),1998-04-17
Norway,4,Leo Skiri Østigård,Defender,Genoa CFC (ITA),1999-11-28
Norway,5,David Møller Wolfe,Defender,Wolverhampton Wanderers FC (ENG),2002-04-23
Norway,6,Patrick Berg,Midfielder,FK Bodø/Glimt (NOR),1997-11-24
Norway,7,Alexander Sørloth,Forward,Atlético De Madrid (ESP),1995-12-05
Norway,8,Sander Gard Bolin Berge,Midfielder,Fulham FC (ENG),1998-02-14
Norway,9,Erling Braut Haaland,Forward,Manchester City FC (ENG),2000-07-21
Norway,10,Martín Ødegaard,Midfielder,Arsenal FC (ENG),1998-12-17
Norway,11,Jørgen Strand Larsen,Forward,Crystal Palace FC (ENG),2000-02-06
Norway,12,Sander Tangvik,Goalkeeper,Hamburger SV (GER),2002-11-29
Norway,13,Egil Selvik,Goalkeeper,Watford FC (ENG),1997-07-30
Norway,14,Fredrik Aursnes,Midfielder,SL Benca (POR),1995-12-10
Norway,15,Fredrik André Bjørkan,Defender,FK Bodø/Glimt (NOR),1998-08-21
Norway,16,Marcus Holmgren Pedersen,Defender,Torino FC (ITA),2000-07-16
Norway,17,Torbjørn Lysaker Heggem,Defender,Bologna FC (ITA),1999-01-12
Norway,18,Kristian Thorstvedt,Midfielder,US Sassuolo (ITA),1999-03-13
Norway,19,Thelonious Gerard Aasgaard,Midfielder,Rangers FC (SCO),2002-05-02
Norway,20,Antonio Eromonsele Nordby Nusa,Forward,RB Leipzig (GER),2005-04-17
Norway,21,Andreas Rædergård Schjelderup,Midfielder,SL Benca (POR),2004-06-01
Norway,22,Oscar Bobb,Midfielder,Fulham FC (ENG),2003-07-12
Norway,23,Jens Petter Hauge,Midfielder,FK Bodø/Glimt (NOR),1999-10-12
Norway,24,Sondre Klingen Langås,Defender,Derby County FC (ENG),2001-02-02
Norway,25,Henrik Sælebakke Falchener,Defender,Viking Stavanger (NOR),2003-05-08
Norway,26,Julian Ryerson,Forward,Borussia Dortmund (GER),1997-11-17
Panama,1,Luis Ricardo Mejía Cajar,Goalkeeper,Club Nacional (URU),1991-03-16
Panama,2,Cesar Rodolfo Blackman Camarena,Defender,ŠK Slovan Bratislava (SVK),1998-04-02
Panama,3,Jose Angel Cordoba Chambers,Defender,Norwich City FC (ENG),2001-06-03
Panama,4,Fidel Escobar Mendieta,Defender,Deportivo Saprissa (CRC),1995-01-09
Panama,5,Edgardo Issac Fariña Wynter,Defender,FC Pari Nizhny Novgorod (RUS),2001-10-19
Panama,6,Cristian Jesus Martinez,Midfielder,Hapoel Kiryat Shmona FC (ISR),1997-02-06
Panama,7,Jose Luis Rodriguez Francis,Midfielder,FC Juárez (MEX),1998-06-19
Panama,8,Adalberto Eliecer Carrasquilla Alcazar,Midfielder,Pumas UNAM (MEX),1998-11-28
Panama,9,Tomas Abdiel Rodriguez Mena,Forward,Deportivo Saprissa (CRC),1999-03-09
Panama,10,Ismael Diaz de Leon,Midfielder,Club León (MEX),1997-05-12
Panama,11,Edgar Yoel Barcenas Herrera,Midfielder,Mazatlán FC (MEX),1993-10-23
Panama,12,Cesar Jair Samudio Murillo,Goalkeeper,CD Marathón (HON),1994-02-23
Panama,13,Jiovany Javier Ramos Diaz,Defender,Puerto Cabello CF (VEN),1997-01-26
Panama,14,Carlos Miguel Harvey Cesneros,Defender,Minnesota United FC (USA),2000-02-03
Panama,15,Eric Javier Davis Grajales,Defender,CD Plaza Amador (PAN),1991-03-31
Panama,16,Andres Alberto Andrade Cedeño,Defender,LASK Linz (AUT),1998-10-16
Panama,17,Jose Fajardo Nelson,Forward,CD Universidad Católica (ECU),1993-08-18
Panama,18,Cecilio Alfonso Waterman Ruiz,Forward,CD Universidad De Concepción (CHI),1991-04-13
Panama,19,Alberto Abdiel Quintero Medina,Midfielder,CD Plaza Amador (PAN),1987-12-18
Panama,20,Anibal Casis Godoy Lemus,Midfielder,San Diego FC (USA),1990-02-10
Panama,21,Cesar Augusto Yanis Velasco,Midfielder,CD Cobresal (CHI),1996-01-28
Panama,22,Orlando Mosquera,Goalkeeper,Al Fayha FC (KSA),1994-12-25
Panama,23,Michael Amir Murillo Bermudez,Defender,Beşiktaş JK (TUR),1996-02-11
Panama,24,Azarías Emmanuel Londoño Gonzalez,Forward,CD Universidad Católica (ECU),2001-06-21
Panama,25,Roderick Alonso Miller Molina,Defender,Turan Tovuz (AZE),1992-04-03
Panama,26,Jorge Abdiel Gutierrez Cornejo,Defender,Deportivo La Guaira (VEN),1998-09-01
Paraguay,1,Roberto Junior Fernandez Torres,Goalkeeper,Cerro Porteño (PAR),1988-03-29
Paraguay,2,Victor Gustavo Velazquez Ramos,Defender,Cerro Porteño (PAR),1991-04-17
Paraguay,3,Omar Federico Alderete Fernandez,Defender,Sunderland AFC (ENG),1996-12-26
Paraguay,4,Juan Jose Caceres,Defender,FC Dynamo Moscow (RUS),2000-06-01
Paraguay,5,Fabián Cornelio Balbuena González,Defender,Grêmio FBPA (BRA),1991-08-23
Paraguay,6,Júnior Osmar Ignacio Alonso Mujica,Defender,Atlético Mineiro (BRA),1993-02-09
Paraguay,7,Ramón Sosa Acosta,Midfielder,SE Palmeiras (BRA),1999-08-31
Paraguay,8,Diego Alexander Gomez Amarilla,Midfielder,Brighton & Hove Albion FC (ENG),2003-03-27
Paraguay,9,Arnaldo Antonio Sanabria Ayala,Forward,US Cremonese (ITA),1996-03-04
Paraguay,10,Miguel Angel Almiron Rejala,Midfielder,Atlanta United FC (USA),1994-02-10
Paraguay,11,Mauricio Magalhaes Prado,Midfielder,SE Palmeiras (BRA),2001-06-22
Paraguay,12,Orlando Daniel Gill Noldin,Goalkeeper,CA San Lorenzo (ARG),2000-06-11
Paraguay,13,Jose Maria Canale Dominguez,Defender,CA Lanús (ARG),1996-07-20
Paraguay,14,Adrián Andrés Cubas,Midfielder,Vancouver Whitecaps FC (CAN),1996-05-11
Paraguay,15,Gustavo Raul Gómez Portillo,Defender,SE Palmeiras (BRA),1993-05-06
Paraguay,16,Damián Josue Bobadilla Benitez,Midfielder,São Paulo FC (BRA),2001-07-11
Paraguay,17,Alejandro Sebastian Romero Gamarra,Forward,Al Ain FC (UAE),1995-01-11
Paraguay,18,Alex Adrian Arce Barrios,Forward,CS Independiente Rivadavia (ARG),1995-06-16
Paraguay,19,Julio Cesar Enciso Espinola,Forward,RC Strasbourg (FRA),2004-01-23
Paraguay,20,Braian Oscar Ojeda Rodriguez,Midfielder,Orlando City SC (USA),2000-06-27
Paraguay,21,Gabriel Avalos Stumpfs,Forward,CA Independiente (ARG),1991-07-09
Paraguay,22,Gastón Hernán Olveira Echeverria,Goalkeeper,Club Olimpia (PAR),1993-04-21
Paraguay,23,Matias Galarza Fonda,Midfielder,Atlanta United FC (USA),2002-02-11
Paraguay,24,Gustavo Ruben Caballero Gonzalez,Midfielder,Portsmouth FC (ENG),2001-09-21
Paraguay,25,Isidro Miguel Pitta Saldivar,Forward,Red Bull Bragantino (BRA),1999-08-14
Paraguay,26,Alexandro Maidana Mendieta,Defender,CA Talleres (ARG),2005-07-26
Portugal,1,Diogo Meireles da Costa,Goalkeeper,FC Porto (POR),1999-09-19
Portugal,2,Nélson Cabral Semedo,Defender,Fenerbahçe SK (TUR),1993-11-16
Portugal,3,Rúben Dos Santos Gato Alves Dias,Defender,Manchester City FC (ENG),1997-05-14
Portugal,4,Tomás Lemos Araújo,Defender,SL Benca (POR),2002-05-16
Portugal,5,José Diogo Dalot Teixeira,Defender,Manchester United FC (ENG),1999-03-18
Portugal,6,Matheus Luiz Nunes,Midfielder,Manchester City FC (ENG),1998-08-27
Portugal,7,Cristiano Ronaldo Dos Santos Aveiro,Forward,Al Nassr FC (KSA),1985-02-05
Portugal,8,Bruno Miguel Borges Fernandes,Midfielder,Manchester United FC (ENG),1994-09-08
Portugal,9,Gonçalo Matias Ramos,Forward,Paris Saint-Germain (FRA),2001-06-20
Portugal,10,Bernardo Mota Veiga de Carvalho e Silva,Midfielder,Manchester City FC (ENG),1994-08-10
Portugal,11,João Félix Sequeira,Forward,Al Nassr FC (KSA),1999-11-10
Portugal,12,José Pedro Malheiro de Sá,Goalkeeper,Wolverhampton Wanderers FC (ENG),1993-01-17
Portugal,13,Renato Da Palma Veiga,Defender,Villarreal CF (ESP),2003-07-29
Portugal,14,Gonçalo Bernardo Inácio,Defender,Sporting CP (POR),2001-08-25
Portugal,15,João Pedro Gonçalves Neves,Midfielder,Paris Saint-Germain (FRA),2004-09-27
Portugal,16,Francisco António Machado Mota de Castro Trincão,Forward,Sporting CP (POR),1999-12-29
Portugal,17,Rafael Alexandre Da Conceição Leão,Forward,AC Milan (ITA),1999-06-10
Portugal,18,Pedro Lomba Neto,Forward,Chelsea FC (ENG),2000-03-09
Portugal,19,Gonçalo Manuel Ganchinho Guedes,Forward,Real Sociedad (ESP),1996-11-29
Portugal,20,João Pedro Cavaco Cancelo,Defender,FC Barcelona (ESP),1994-05-27
Portugal,21,Rúben Diogo Da Silva Neves,Midfielder,Al Hilal SC (KSA),1997-03-13
Portugal,22,Rui Tiago Dantas da Silva,Goalkeeper,Sporting CP (POR),1994-02-07
Portugal,23,Vitor Machado Ferreira,Midfielder,Paris Saint-Germain (FRA),2000-02-13
Portugal,24,Samuel De Almeida Costa,Defender,RCD Mallorca (ESP),2000-11-27
Portugal,25,Nuno Alexandre Tavares Mendes,Defender,Paris Saint-Germain (FRA),2002-06-19
Portugal,26,Francisco Fernandes da Conceição,Forward,Juventus FC (ITA),2002-12-14
Qatar,1,Mahmoud Ibrahim M Abunada,Goalkeeper,Al Rayyan SC (QAT),2000-02-05
Qatar,2,Pedro Miguel D D Correia,Defender,Al Sadd SC (QAT),1990-08-06
Qatar,3,Lucas Michel Mendes,Defender,Al Wakrah SC (QAT),1990-07-03
Qatar,4,Gueye Seydinaissalaye,Defender,Al Arabi SC (QAT),1997-12-22
Qatar,5,Jassem Gaber E Abdulsallam,Defender,Al Rayyan SC (QAT),2002-02-20
Qatar,6,Abdelaziz Hatim A Mohamed,Midfielder,Al Rayyan SC (QAT),1990-01-01
Qatar,7,Ahmed Alaaeldin B M Abdelmotaal,Forward,Al Rayyan SC (QAT),1993-01-31
Qatar,8,Edmilson Junior P Dasilva,Forward,Al Duhail SC (QAT),1994-08-19
Qatar,9,Mohammed Muntari,Forward,Al Gharafa SC (QAT),1993-12-20
Qatar,10,Hasan Khalid H Alhaydos,Forward,Al Sadd SC (QAT),1990-12-11
Qatar,11,Akram Hassan A Y Afif,Forward,Al Sadd SC (QAT),1996-11-18
Qatar,12,Karim Boudiaf,Midfielder,Al Duhail SC (QAT),1990-09-16
Qatar,13,Ayoub Mohamed Aloui,Defender,Al Gharafa SC (QAT),2005-03-11
Qatar,14,Homam Elamin M Ahmed,Defender,Cultural Leonesa (ESP),1999-08-25
Qatar,15,Yusuf Abdurisag Yusuf,Forward,Al Wakrah SC (QAT),1999-08-06
Qatar,16,Boualem Khoukhi,Defender,Al Sadd SC (QAT),1990-07-09
Qatar,17,Ahmed Mohamed H K Alganehi,Midfielder,Al Gharafa SC (QAT),2000-09-22
Qatar,18,Sultan Hussain M H Al-Brake,Defender,Al Duhail SC (QAT),1996-04-07
Qatar,19,Almoez Ali Zainelabdeen M Abdulla,Forward,Al Duhail SC (QAT),1996-08-19
Qatar,20,Ahmed Fathy M Abdoulla,Midfielder,Al Arabi SC (QAT),1993-01-25
Qatar,21,Salah Zakaria M M Hassan,Goalkeeper,Al Duhail SC (QAT),1999-04-24
Qatar,22,Meshaal Aissa M Barsham,Goalkeeper,Al Sadd SC (QAT),1998-02-14
Qatar,23,Assim Omer A Madibo,Midfielder,Al Wakrah SC (QAT),1996-10-22
Qatar,24,Tahsin Mohammad Jamshid,Forward,Al Duhail SC (QAT),2006-06-16
Qatar,25,Alhashmi Alhussein A Mohialdin,Defender,Al Arabi SC (QAT),2003-08-15
Qatar,26,Mohamed Naceur Manai,Forward,Al Shamal SC (QAT),2002-10-25
Saudi Arabia,1,Nawaf Dhahi F Alaqidi,Goalkeeper,Al Nassr FC (KSA),2000-05-10
Saudi Arabia,2,Ali Hassan M Majrashi,Defender,Al Ahli FC (KSA),1999-10-02
Saudi Arabia,3,Ali Mohammed A Lajami,Defender,Al Hilal SC (KSA),1996-04-24
Saudi Arabia,4,Abdulelah Ali A Alamri,Defender,Al Nassr FC (KSA),1997-01-15
Saudi Arabia,5,Hassan Mohammed O Altambakti,Defender,Al Hilal SC (KSA),1999-02-09
Saudi Arabia,6,Nasser Essa S Aldawsari,Midfielder,Al Hilal SC (KSA),1998-12-19
Saudi Arabia,7,Musab Fahad Z Aljuwayr,Midfielder,Al Qadsiah FC (KSA),2003-06-20
Saudi Arabia,8,Aiman Yahya Y Ahmed,Forward,Al Nassr FC (KSA),2001-05-14
Saudi Arabia,9,Feras Tariq N Albrikan,Forward,Al Ahli FC (KSA),2000-05-14
Saudi Arabia,10,Salem Mohammed S Aldawsari,Forward,Al Hilal SC (KSA),1991-08-19
Saudi Arabia,11,Saleh Khalid M Alshehri,Forward,Al Ittihad (KSA),1993-11-01
Saudi Arabia,12,Saud Abdullah S Abdulhamid,Defender,RC Lens (FRA),1999-07-18
Saudi Arabia,13,Nawaf Meshari M Bu Washl,Defender,Al Nassr FC (KSA),1999-09-16
Saudi Arabia,14,Hassan Kadish Y Mahbub,Defender,Al Ittihad (KSA),1992-09-26
Saudi Arabia,15,Abdullah Mohammed H Alkhaibari,Midfielder,Al Nassr FC (KSA),1996-08-16
Saudi Arabia,16,Ziyad Mubarak E Aljohani,Midfielder,Al Ahli FC (KSA),2001-11-11
Saudi Arabia,17,Khalid Essa M Alghannam,Forward,Al Ettifaq FC (KSA),2000-11-08
Saudi Arabia,18,Ala Mohsen A Alhajji,Midfielder,Neom SC (KSA),1995-12-03
Saudi Arabia,19,Abdullah Abdulrahman A Alhamddan,Forward,Al Nassr FC (KSA),1999-09-13
Saudi Arabia,20,Sultan Ahmed M Mandash,Forward,Al Hilal SC (KSA),1994-10-17
Saudi Arabia,21,Mohammed Khalil I Alowais,Goalkeeper,Al Ula Saudi FC (KSA),1991-10-10
Saudi Arabia,22,Ahmed Ali H Alkassar,Goalkeeper,Al Qadsiah FC (KSA),1991-05-08
Saudi Arabia,23,Mohamed Ibrahim A Kanno,Midfielder,Al Hilal SC (KSA),1994-09-22
Saudi Arabia,24,Moteb Saad S Alharbi,Defender,Al Hilal SC (KSA),2000-02-20
Saudi Arabia,25,Jehad Abdullatif A Thikri,Defender,Al Qadsiah FC (KSA),2001-07-21
Saudi Arabia,26,Mohammed Waheeb S Abu Alshamat,Defender,Al Qadsiah FC (KSA),2002-08-11
Scotland,1,Angus Fraser James Gunn,Goalkeeper,Nottingham Forest FC (ENG),1996-01-22
Scotland,2,Aaron Buchanan Hickey,Defender,Brentford FC (ENG),2002-06-10
Scotland,3,Andrew Henry Robertson,Defender,Liverpool FC (ENG),1994-03-11
Scotland,4,Scott Francis Mctominay,Midfielder,SSC Napoli (ITA),1996-12-08
Scotland,5,Grant Campbell Hanley,Defender,Hibernian FC (SCO),1991-11-20
Scotland,6,Kieran Tierney,Defender,Celtic FC (SCO),1997-06-05
Scotland,7,John Mcginn,Midfielder,Aston Villa FC (ENG),1994-10-18
Scotland,8,Tyler Robert Fletcher,Midfielder,Manchester United FC (ENG),2007-03-19
Scotland,9,Lyndon John Dykes,Forward,Charlton Athletic FC (ENG),1995-10-07
Scotland,10,Che Sac Everton Fred Adams,Forward,Torino FC (ITA),1996-07-13
Scotland,11,Ryan Christie,Midfielder,AFC Bournemouth (ENG),1995-02-22
Scotland,12,Liam Patrick Kelly,Goalkeeper,Rangers FC (SCO),1996-01-23
Scotland,13,Jack William Hendry,Defender,Al Ettifaq FC (KSA),1995-05-07
Scotland,14,Ross Cameron Stewart,Forward,Southampton FC (ENG),1996-07-11
Scotland,15,John Francis Souttar,Defender,Rangers FC (SCO),1996-09-25
Scotland,16,Dominic John Hyam,Defender,Wrexham AFC (WAL),1995-12-20
Scotland,17,Ben Gannon Doak,Forward,AFC Bournemouth (ENG),2005-11-11
Scotland,18,George David Eric Hirst,Forward,Ipswich Town FC (ENG),1999-02-15
Scotland,19,Lewis Ferguson,Midfielder,Bologna FC (ITA),1999-08-24
Scotland,20,Lawrence Shankland,Forward,Heart Of Midlothian FC (SCO),1995-08-10
Scotland,21,Craig Sinclair Gordon,Goalkeeper,Heart Of Midlothian FC (SCO),1982-12-31
Scotland,22,Nathan Kenneth Patterson,Defender,Everton FC (ENG),2001-10-16
Scotland,23,Kenneth Mclean,Midfielder,Norwich City FC (ENG),1992-01-08
Scotland,24,Anthony Ralston,Defender,Celtic FC (SCO),1998-11-16
Scotland,25,Findlay Kenneth Curtis,Forward,Kilmarnock FC (SCO),2006-06-09
Scotland,26,Scott Fraser Mckenna,Defender,GNK Dinamo Zagreb (CRO),1996-11-12
Senegal,1,Yehvann Djibril Victor Diouf,Goalkeeper,OGC Nice (FRA),1999-11-16
Senegal,2,Mamadou Sarr,Defender,Chelsea FC (ENG),2005-08-29
Senegal,3,Kalidou Koulibaly,Defender,Al Hilal SC (KSA),1991-06-20
Senegal,4,Abdoulaye Seck,Defender,Maccabi Haifa FC (ISR),1992-06-04
Senegal,5,Idrissa Gana Gueye,Midfielder,Everton FC (ENG),1989-09-26
Senegal,6,Ismaila Pathe Ciss,Midfielder,Rayo Vallecano (ESP),1994-03-16
Senegal,7,Assane Diao,Forward,Como (ITA),2005-09-07
Senegal,8,Lamine Camara,Midfielder,AS Monaco (FRA),2004-01-01
Senegal,9,Cheikh Ahmadou Bamba Mbacke Dieng,Forward,FC Lorient (FRA),2000-03-23
Senegal,10,Sadio Mané,Forward,Al Nassr FC (KSA),1992-04-10
Senegal,11,Nicolas Jackson,Forward,FC Bayern München (GER),2001-06-20
Senegal,12,Pape Cherif Ndiaye,Forward,Samsunspor (TUR),1996-01-23
Senegal,13,Iliman Cheikh Baroy Ndiaye,Forward,Everton FC (ENG),2000-03-06
Senegal,14,Ismail Joshua Jakobs,Defender,Galatasaray SK (TUR),1999-08-17
Senegal,15,Krépin Diatta,Defender,AS Monaco (FRA),1999-02-25
Senegal,16,Edouard Osoque Mendy,Goalkeeper,Al Ahli FC (KSA),1992-03-01
Senegal,17,Pape Matar Sarr,Midfielder,Tottenham Hotspur FC (ENG),2002-09-14
Senegal,18,Ismaila Sarr,Forward,Crystal Palace FC (ENG),1998-02-25
Senegal,19,Moussa Niakhaté,Defender,Olympique Lyonnais (FRA),1996-03-08
Senegal,20,Ibrahim Mbaye,Forward,Paris Saint-Germain (FRA),2008-01-24
Senegal,21,Mouhamadou Habib Mbacke Diarra,Midfielder,Sunderland AFC (ENG),2004-01-03
Senegal,22,Bara Sapoko Ndiaye,Midfielder,FC Bayern München (GER),2007-12-31
Senegal,23,Mory Diaw,Goalkeeper,Le Havre AC (FRA),1993-06-22
Senegal,24,Antoine Alpha Mendy,Defender,OGC Nice (FRA),2004-05-27
Senegal,25,El Hadji Malick Diouf,Defender,West Ham United FC (ENG),2004-12-29
Senegal,26,Pape Alassane Gueye,Midfielder,Villarreal CF (ESP),1999-01-24
South Africa,1,Ronwen Hayden Williams,Goalkeeper,Mamelodi Sundowns FC (RSA),1992-01-21
South Africa,2,Tholo Thabang Matuludi,Defender,Polokwane City FC (RSA),1999-01-14
South Africa,3,Khulumani Ndamane,Defender,Mamelodi Sundowns FC (RSA),2004-02-05
South Africa,4,Teboho Mokoena,Midfielder,Mamelodi Sundowns FC (RSA),1997-01-24
South Africa,5,Thalente Wandile Mbatha,Midfielder,Orlando Pirates FC (RSA),2000-03-06
South Africa,6,Aubrey Maphosa Modiba,Defender,Mamelodi Sundowns FC (RSA),1995-07-22
South Africa,7,Oswin Reagan Appollis,Forward,Orlando Pirates FC (RSA),2001-08-25
South Africa,8,Tshepang Moremi,Forward,Orlando Pirates FC (RSA),2000-10-02
South Africa,9,Lyle Brent Foster,Forward,Burnley FC (ENG),2000-09-03
South Africa,10,Relebohile Mofokeng,Forward,Orlando Pirates FC (RSA),2004-10-23
South Africa,11,Themba Zwane,Midfielder,Mamelodi Sundowns FC (RSA),1989-08-03
South Africa,12,Thapelo Maseko,Forward,AEL Limassol (CYP),2003-11-11
South Africa,13,Sphephelo S'miso Sithole,Midfielder,CD Tondela (POR),1999-03-03
South Africa,14,Mbekezeli Mfanukile Mbokazi,Defender,Chicago Fire FC (USA),2005-09-19
South Africa,15,Iqraam Rayners,Forward,Mamelodi Sundowns FC (RSA),1995-12-19
South Africa,16,Sipho Justin Chaine,Goalkeeper,Orlando Pirates FC (RSA),1996-12-14
South Africa,17,Sekotori Evidence Makgopa,Forward,Orlando Pirates FC (RSA),2000-06-05
South Africa,18,Samukele Alucious Kabini,Defender,Molde FK (NOR),2004-03-15
South Africa,19,Nkosinathi Emmanuel Sibisi,Defender,Orlando Pirates FC (RSA),1995-09-22
South Africa,20,Khuliso Johnson Mudau,Defender,Mamelodi Sundowns FC (RSA),1995-04-26
South Africa,21,Ime Daniel Okon,Defender,Hannover 96 (GER),2004-02-20
South Africa,22,Stuart Ricardo Goss,Goalkeeper,Siwelele FC (RSA),1994-04-02
South Africa,23,Jayden Oswin Adams,Midfielder,Mamelodi Sundowns FC (RSA),2001-05-05
South Africa,24,Olwethu Mpilwenhle Makhanya,Defender,Philadelphia Union (USA),2004-04-30
South Africa,25,Kamogelo Michael Sebelebele,Forward,Orlando Pirates FC (RSA),2002-07-21
South Africa,26,Bradley Paul Cross,Defender,Kaizer Chiefs FC (RSA),2001-01-30
Spain,1,David Raya Martín,Goalkeeper,Arsenal FC (ENG),1995-09-15
Spain,2,Marc Pubill Pages,Defender,Atlético De Madrid (ESP),2003-06-20
Spain,3,Alejandro Grimaldo García,Defender,Bayer 04 Leverkusen (GER),1995-09-20
Spain,4,Eric García Martret,Defender,FC Barcelona (ESP),2001-01-09
Spain,5,Marcos Llorente Moreno,Defender,Atlético De Madrid (ESP),1995-01-30
Spain,6,Mikel Merino Zazón,Midfielder,Arsenal FC (ENG),1996-06-22
Spain,7,Ferran Torres García,Forward,FC Barcelona (ESP),2000-02-29
Spain,8,Fabian Ruiz Peña,Midfielder,Paris Saint-Germain (FRA),1996-04-03
Spain,9,Pablo Paez Gavira,Midfielder,FC Barcelona (ESP),2004-08-05
Spain,10,Daniel Olmo Carvajal,Forward,FC Barcelona (ESP),1998-05-07
Spain,11,Yeremy Jesús Pino Santos,Forward,Crystal Palace FC (ENG),2002-10-20
Spain,12,Pedro Antonio Porro Sauceda,Defender,Tottenham Hotspur FC (ENG),1999-09-13
Spain,13,Joan Garcia Pons,Goalkeeper,FC Barcelona (ESP),2001-05-04
Spain,14,Aymeric Laporte Fevre,Defender,Athletic Club (ESP),1994-05-27
Spain,15,Alejandro Baena Rodríguez,Midfielder,Atlético De Madrid (ESP),2001-07-20
Spain,16,Rodrigo Hernández Cascante,Midfielder,Manchester City FC (ENG),1996-06-22
Spain,17,Nicholas Williams Arthuer,Forward,Athletic Club (ESP),2002-07-12
Spain,18,Martin Zubimendi Ibañez,Midfielder,Arsenal FC (ENG),1999-02-02
Spain,19,Lamine Yamal Nasraoui Ebana,Forward,FC Barcelona (ESP),2007-07-13
Spain,20,Pedro González López,Midfielder,FC Barcelona (ESP),2002-11-25
Spain,21,Mikel Oyarzabal Ugarte,Forward,Real Sociedad (ESP),1997-04-21
Spain,22,Pau Cubarsi I Paredes,Defender,FC Barcelona (ESP),2007-01-22
Spain,23,Unai Simón Mendibil,Goalkeeper,Athletic Club (ESP),1997-06-11
Spain,24,Marc Cucurella Saseta,Defender,Chelsea FC (ENG),1998-07-22
Spain,25,Victor Muñoz Villanueva,Forward,CA Osasuna (ESP),2003-07-13
Spain,26,Borja Iglesias Quintás,Forward,RC Celta Vigo (ESP),1993-01-17
Sweden,1,Jacob Mikael Widell Zetterström,Goalkeeper,Derby County FC (ENG),1998-07-11
Sweden,2,Gustaf Johan Lagerbielke,Defender,SC Braga (POR),2000-04-10
Sweden,3,Victor Jörgen Nilsson Lindelöf,Defender,Aston Villa FC (ENG),1994-07-17
Sweden,4,Isak Malcolm Kwaku Hien,Defender,Atalanta Bergamo (ITA),1999-01-13
Sweden,5,Gabriel Johan Gudmundsson,Defender,Leeds United FC (ENG),1999-04-29
Sweden,6,Herman Nils Johansson,Defender,FC Dallas (USA),1997-10-16
Sweden,7,Lucas Erik Holger Bergvall,Midfielder,Tottenham Hotspur FC (ENG),2006-02-02
Sweden,8,Daniel Jonathan Svensson,Defender,Borussia Dortmund (GER),2002-02-12
Sweden,9,Alexander Isak,Forward,Liverpool FC (ENG),1999-09-21
Sweden,10,Erik Benjamin Nygren,Midfielder,Celtic FC (SCO),2001-07-08
Sweden,11,Anthony David Junior Elanga,Forward,Newcastle United FC (ENG),2002-04-27
Sweden,12,Tobias Viktor Johansson,Goalkeeper,Stoke City FC (ENG),1998-09-14
Sweden,13,Ken Sema,Midfielder,Pafos FC (CYP),1993-09-30
Sweden,14,Hjalmar Ekdal,Defender,Burnley FC (ENG),1998-10-21
Sweden,15,Carl Anders Theodor Starfelt,Defender,RC Celta Vigo (ESP),1995-06-01
Sweden,16,Jesper Kewe Karlström,Midfielder,Udinese (ITA),1995-06-21
Sweden,17,Viktor Einar Gyökeres,Forward,Arsenal FC (ENG),1998-06-04
Sweden,18,Yasin Ayari,Midfielder,Brighton & Hove Albion FC (ENG),2003-10-06
Sweden,19,Mattias Olof Svanberg,Midfielder,VfL Wolfsburg (GER),1999-01-05
Sweden,20,Eric Anders Smith,Defender,FC St. Pauli (GER),1997-01-08
Sweden,21,Alexander Olof Bernhardsson,Defender,Holstein Kiel (GER),1998-09-08
Sweden,22,Besfort Zeneli,Midfielder,Royale Union Saint-Gilloise (BEL),2002-11-21
Sweden,23,Bo Kristoffer Nordfeldt,Goalkeeper,AIK Stockholm (SWE),1989-06-23
Sweden,24,Elliot Karl Stroud,Defender,Mjällby AIF (SWE),2002-06-22
Sweden,25,Håkan Gustaf Nilsson,Forward,Club Brugge (BEL),1997-05-23
Sweden,26,Taha Abdi Ali,Forward,Malmö FF (SWE),1998-07-01
Switzerland,1,Gregor Kobel,Goalkeeper,Borussia Dortmund (GER),1997-12-06
Switzerland,2,Miro Max Maria Muheim,Defender,Hamburger SV (GER),1998-03-24
Switzerland,3,Silvan Dominic Widmer,Defender,1. FSV Mainz 05 (GER),1993-03-05
Switzerland,4,Nico Elvedi,Defender,Borussia Mönchengladbach (GER),1996-09-30
Switzerland,5,Manuel Obafemi Akanji,Defender,FC Internazionale Milano (ITA),1995-07-19
Switzerland,6,Denis Lemi Zakaria Lako Lado,Midfielder,AS Monaco (FRA),1996-11-20
Switzerland,7,Breel Donald Embolo,Forward,Stade Rennais FC (FRA),1997-02-14
Switzerland,8,Remo Marco Freuler,Midfielder,Bologna FC (ITA),1992-04-15
Switzerland,9,Johan Kula Manzambi,Midfielder,SC Freiburg (GER),2005-10-14
Switzerland,10,Granit Xhaka,Midfielder,Sunderland AFC (ENG),1992-09-27
Switzerland,11,Dan Ndoye,Forward,Nottingham Forest FC (ENG),2000-10-25
Switzerland,12,Yvon Landry Mvogo Nganoma,Goalkeeper,FC Lorient (FRA),1994-06-06
Switzerland,13,Ricardo Ivan Rodriguez Araya,Defender,Real Betis (ESP),1992-08-25
Switzerland,14,Ardon Jashari,Midfielder,AC Milan (ITA),2002-07-30
Switzerland,15,Mohameth Djibril Ibrahima Sow,Midfielder,Sevilla FC (ESP),1997-02-06
Switzerland,16,Christian Andreas Fassnacht,Forward,BSC Young Boys (SUI),1993-11-11
Switzerland,17,Ruben Estephan Vargas Martinez,Forward,Sevilla FC (ESP),1998-08-05
Switzerland,18,Eray Ervin Cömert,Defender,Valencia CF (ESP),1998-02-04
Switzerland,19,Noah Arinzechukwu Okafor,Forward,Leeds United FC (ENG),2000-05-24
Switzerland,20,Michel Aebischer,Midfielder,Pisa SC (ITA),1997-01-06
Switzerland,21,Marvin Keller,Goalkeeper,BSC Young Boys (SUI),2002-07-03
Switzerland,22,Fabian Rieder,Midfielder,FC Augsburg (GER),2002-02-16
Switzerland,23,Mohamed Zeki Amdouni,Forward,Burnley FC (ENG),2000-12-04
Switzerland,24,Aurèle Florian Amenda,Defender,Eintracht Frankfurt (GER),2003-07-31
Switzerland,25,Luca Antony Jaquez,Defender,VfB Stuttgart (GER),2003-06-02
Switzerland,26,Cedric Jan Itten,Forward,Fortuna Düsseldorf (GER),1996-12-27
Tunisia,1,Abdelmouhib Chamakh,Goalkeeper,Club Africain (TUN),2001-08-25
Tunisia,2,Ali Elabdi,Defender,OGC Nice (FRA),1993-12-20
Tunisia,3,Montassar Omar Talbi,Defender,FC Lorient (FRA),1998-05-26
Tunisia,4,Omar Rekik,Defender,NK Maribor (SVN),2001-12-20
Tunisia,5,Adam Arous,Defender,Kasımpaşa SK (TUR),2004-07-17
Tunisia,6,Dylan Daniel Mahmoud Bronn,Defender,Servette FC (SUI),1995-06-19
Tunisia,7,Mohamed Elyes Achouri,Forward,FC København (DEN),1999-02-10
Tunisia,8,Elias Saad,Forward,Hannover 96 (GER),1999-12-27
Tunisia,9,Hazem Mastouri,Forward,FC Dynamo Makhachkala (RUS),1997-06-18
Tunisia,10,Hannibal Mejbri,Midfielder,Burnley FC (ENG),2003-01-21
Tunisia,11,Ismael Seifallah Gharbi,Midfielder,FC Augsburg (GER),2004-04-10
Tunisia,12,Ahmed Mortadha Ben Ouanes,Defender,Kasımpaşa SK (TUR),1994-07-02
Tunisia,13,Rani Khedira,Midfielder,1. FC Union Berlin (GER),1994-01-27
Tunisia,14,Khalil Ayari,Midfielder,Paris Saint-Germain (FRA),2005-02-02
Tunisia,15,Mohamed Belhadj Mahmoud,Midfielder,FC Lugano (SUI),2000-04-24
Tunisia,16,Aymen Dahmen,Goalkeeper,CS Sfaxien (TUN),1997-01-28
Tunisia,17,Ellyes Joris Skhiri,Midfielder,Eintracht Frankfurt (GER),1995-05-10
Tunisia,18,Rayan Elloumi,Forward,Vancouver Whitecaps FC (CAN),2007-09-17
Tunisia,19,Firas Chaouat,Forward,Club Africain (TUN),1996-05-08
Tunisia,20,Yan Valery,Defender,BSC Young Boys (SUI),1999-02-22
Tunisia,21,Mohamed Amine Ben Hmida,Defender,Espérance De Tunisie (TUN),1995-12-15
Tunisia,22,Sabri Ben Hsan,Goalkeeper,Étoile Du Sahel (TUN),1996-06-13
Tunisia,23,Moutaz Neffati,Defender,IFK Norrköping FK (SWE),2004-09-04
Tunisia,24,Raed Chikhaoui,Defender,US Monastir (TUN),2004-06-09
Tunisia,25,Anis Ben Slimane,Midfielder,Norwich City FC (ENG),2001-03-16
Tunisia,26,Sebastian Tounekti,Midfielder,Celtic FC (SCO),2002-07-13
Türkiye,1,Fehmi Mert Günok,Goalkeeper,Fenerbahçe SK (TUR),1989-03-01
Türkiye,2,Mehmet Zeki Çelik,Defender,AS Roma (ITA),1997-02-17
Türkiye,3,Merih Demi̇ral,Defender,Al Ahli FC (KSA),1998-03-05
Türkiye,4,Çağlar Söyüncü,Defender,Fenerbahçe SK (TUR),1996-05-23
Türkiye,5,Salih Özcan,Midfielder,Borussia Dortmund (GER),1998-01-11
Türkiye,6,Orkun Kökçü,Midfielder,Beşiktaş JK (TUR),2000-12-29
Türkiye,7,Muhammed Kerem Aktürkoğlu,Forward,Fenerbahçe SK (TUR),1998-10-21
Türkiye,8,Arda Güler,Forward,Real Madrid C. F. (ESP),2005-02-25
Türkiye,9,Deniz Daniel Gül,Forward,FC Porto (POR),2004-07-02
Türkiye,10,Hakan Çalhanoğlu,Midfielder,FC Internazionale Milano (ITA),1994-02-08
Türkiye,11,Kenan Yildiz,Forward,Juventus FC (ITA),2005-05-04
Türkiye,12,Altay Bayindir,Goalkeeper,Manchester United FC (ENG),1998-04-14
Türkiye,13,Evren Eren Elmali,Defender,Galatasaray SK (TUR),2000-07-07
Türkiye,14,Abdülkerİm Bardakci,Defender,Galatasaray SK (TUR),1994-09-07
Türkiye,15,Ozan Muhammed Kabak,Defender,TSG Hoffenheim (GER),2000-03-25
Türkiye,16,İsmaİl Yüksek,Midfielder,Fenerbahçe SK (TUR),1999-01-26
Türkiye,17,İrfan Kahveci̇,Forward,Kasımpaşa SK (TUR),1995-07-15
Türkiye,18,Mert Müldür,Defender,Fenerbahçe SK (TUR),1999-04-03
Türkiye,19,Yunus Akgün,Forward,Galatasaray SK (TUR),2000-07-07
Türkiye,20,Ferdi Erenay Kadioğlu,Defender,Brighton & Hove Albion FC (ENG),1999-10-07
Türkiye,21,Barış Alper Yilmaz,Forward,Galatasaray SK (TUR),2000-05-23
Türkiye,22,Kaan Ayhan,Midfielder,Galatasaray SK (TUR),1994-11-10
Türkiye,23,Uğurcan Çakir,Goalkeeper,Galatasaray SK (TUR),1996-04-05
Türkiye,24,Oğuz Aydin,Forward,Fenerbahçe SK (TUR),2000-10-27
Türkiye,25,Samet Akaydin,Defender,Çaykur Rizespor (TUR),1994-03-13
Türkiye,26,Can Yılmaz Uzun,Forward,Eintracht Frankfurt (GER),2005-11-11
Uruguay,1,Sergio Ramón Rochet Alvarez,Goalkeeper,SC Internacional (BRA),1993-03-23
Uruguay,2,José María Giménez de Vargas,Defender,Atlético De Madrid (ESP),1995-01-20
Uruguay,3,Sebastián Enzo Cáceres Ramos,Defender,Club América (MEX),1999-08-18
Uruguay,4,Ronald Federico Araújo da Silva,Defender,FC Barcelona (ESP),1999-03-07
Uruguay,5,Manuel Ugarte Ribeiro,Midfielder,Manchester United FC (ENG),2001-04-11
Uruguay,6,Rodrigo Bentancur Colmán,Midfielder,Tottenham Hotspur FC (ENG),1997-06-25
Uruguay,7,Diego Nicolás De la Cruz Arcosa,Midfielder,CR Flamengo (BRA),1997-06-01
Uruguay,8,Federico Santiago Valverde Dipetta,Midfielder,Real Madrid C. F. (ESP),1998-07-22
Uruguay,9,Darwin Gabriel Nuñez Ribeiro,Forward,Al Hilal SC (KSA),1999-06-24
Uruguay,10,Giorgian Daniel De Arrascaeta Benedetti,Midfielder,CR Flamengo (BRA),1994-06-01
Uruguay,11,Facundo Pellistri Rebollo,Forward,Panathinaikos FC (GRE),2001-12-20
Uruguay,12,Santiago Andres Mele Castañero,Goalkeeper,CF Monterrey (MEX),1997-09-06
Uruguay,13,Guillermo Varela Olivera,Defender,CR Flamengo (BRA),1993-03-24
Uruguay,14,Agustin Canobbio,Midfielder,Fluminense FC (BRA),1998-10-01
Uruguay,15,Emiliano Martínez Toranza,Midfielder,SE Palmeiras (BRA),1999-08-17
Uruguay,16,Mathías Olivera Miramontes,Defender,SSC Napoli (ITA),1997-10-31
Uruguay,17,Matías Nicolas Viña Susperreguy,Defender,CA River Plate (ARG),1997-11-09
Uruguay,18,Paul Brian Rodríguez Bravo,Forward,Club América (MEX),2000-05-20
Uruguay,19,Rodrigo Sebastian Aguirre Soto,Forward,Tigres UANL (MEX),1994-10-01
Uruguay,20,Maximiliano Javier Araújo Vilches,Midfielder,Sporting CP (POR),2000-02-15
Uruguay,21,Federico Sebastian Viñas Barboza,Forward,Real Oviedo (ESP),1998-06-30
Uruguay,22,Joaquin Piquerez Moreira,Midfielder,SE Palmeiras (BRA),1998-08-24
Uruguay,23,Nestor Fernando Muslera Micol,Goalkeeper,Estudiantes LP (ARG),1986-06-16
Uruguay,24,Santiago Ignacio Bueno Sciutto,Defender,Wolverhampton Wanderers FC (ENG),1998-11-09
Uruguay,25,Juan Manuel Sanabria Magolé,Midfielder,Real Salt Lake (USA),2000-03-29
Uruguay,26,Radrigo Zalazar Martinez,Midfielder,SC Braga (POR),1999-08-12
USA,1,Matthew Charles Turner,Goalkeeper,New England Revolution (USA),1994-06-24
USA,2,Sergiño Gianni Dest,Defender,PSV Eindhoven (NED),2000-11-03
USA,3,Christopher Jeffrey Richards,Defender,Crystal Palace FC (ENG),2000-03-28
USA,4,Tyler Shaan Adams,Midfielder,AFC Bournemouth (ENG),1999-02-14
USA,5,Antonee Robinson,Defender,Fulham FC (ENG),1997-08-08
USA,6,Auston Levi-Jesaiah Trusty,Defender,Celtic FC (SCO),1998-08-12
USA,7,Giovanni Alejandro Reyna,Midfielder,Borussia Mönchengladbach (GER),2002-11-13
USA,8,Weston James Earl Mc Kennie,Midfielder,Juventus FC (ITA),1998-08-28
USA,9,Ricardo Daniel Pepi,Forward,PSV Eindhoven (NED),2003-01-09
USA,10,Christian Mate Pulisic,Forward,AC Milan (ITA),1998-09-18
USA,11,Brenden Russell Aaronson,Forward,Leeds United FC (ENG),2000-10-22
USA,12,Miles Gordon Robinson,Defender,FC Cincinnatti (USA),1997-03-14
USA,13,Timothy Michael Ream,Defender,Charlotte FC (USA),1987-10-05
USA,14,Sebastian Matthew Berhalter,Midfielder,Vancouver Whitecaps FC (CAN),2001-05-10
USA,15,Cristian Roldan,Midfielder,Seattle Sounders FC (USA),1995-06-03
USA,16,Alexander Michael Freeman,Defender,Villarreal CF (ESP),2004-08-09
USA,17,Malik Leon Tillman,Midfielder,Bayer 04 Leverkusen (GER),2002-05-28
USA,18,Maximilian Michael Arfsten,Defender,Columbus Crew (USA),2001-04-19
USA,19,Haji Amir Wright,Forward,Coventry City FC (ENG),1998-03-27
USA,20,Folarin Jolaoluwa Balogun,Forward,AS Monaco (FRA),2001-07-03
USA,21,Timothy Tarpeh Weah,Forward,Olympique Marseille (FRA),2000-02-22
USA,22,Mark Alexander Mckenzie,Defender,Toulouse FC (FRA),1999-02-25
USA,23,Joseph Michael Scally,Defender,Borussia Mönchengladbach (GER),2002-12-31
USA,24,Matthew Andrew Geary Freese,Goalkeeper,New York City FC (USA),1998-09-02
USA,25,Christopher Keith Brady,Goalkeeper,Chicago Fire FC (USA),2004-03-03
USA,26,Alejandro Zendejas Saavedra,Forward,Club América (MEX),1998-02-07
Uzbekistan,1,Utkir Yusupov,Goalkeeper,PFC Navbahor Namangan (UZB),1991-01-04
Uzbekistan,2,Abdukodir Khusanov,Defender,Manchester City FC (ENG),2004-02-29
Uzbekistan,3,Khojiakbar Alijonov,Defender,Pakhtakor Tashkent FK (UZB),1997-04-19
Uzbekistan,4,Farrukh Sayfiev,Defender,FK Neftchi Farg'ona (UZB),1991-01-17
Uzbekistan,5,Rustamjon Ashurmatov,Defender,Esteghlal Tehran FC (IRN),1996-07-07
Uzbekistan,6,Akmal Mozgovoy,Midfielder,Pakhtakor Tashkent FK (UZB),1999-04-02
Uzbekistan,7,Otabek Shukurov,Midfielder,Baniyas Club (UAE),1996-06-22
Uzbekistan,8,Jamshid Iskanderov,Midfielder,FK Neftchi Farg'ona (UZB),1993-10-16
Uzbekistan,9,Odiljon Xamrobekov,Midfielder,Tractor Sazi Tabriz FC (IRN),1996-02-13
Uzbekistan,10,Jaloliddin Masharipov,Midfielder,Esteghlal Tehran FC (IRN),1993-09-01
Uzbekistan,11,Oston Urunov,Midfielder,Persepolis FC (IRN),2000-12-19
Uzbekistan,12,Abduvakhid Nematov,Goalkeeper,Nasaf Qarshi FC (UZB),2001-03-20
Uzbekistan,13,Sherzod Nasrullaev,Defender,Pakhtakor Tashkent FK (UZB),1998-07-23
Uzbekistan,14,Eldor Shomurodov,Forward,Başakşehir FK (TUR),1995-06-29
Uzbekistan,15,Umarbek Eshmurodov,Defender,Nasaf Qarshi FC (UZB),1992-11-30
Uzbekistan,16,Botirali Ergashev,Goalkeeper,FK Neftchi Farg'ona (UZB),1995-06-23
Uzbekistan,17,Dostonbek Khamdamov,Midfielder,Pakhtakor Tashkent FK (UZB),1996-07-24
Uzbekistan,18,Abdulla Abdullaev,Defender,Dibba FC (UAE),1997-09-01
Uzbekistan,19,Azizjon Ganiev,Midfielder,Al Bataeh Club (UAE),1998-02-22
Uzbekistan,20,Azizbek Amonov,Forward,FK Dinamo Samarkand (UZB),1997-10-30
Uzbekistan,21,Igor Sergeev,Forward,Persepolis FC (IRN),1993-04-30
Uzbekistan,22,Abbosbek Fayzullaev,Midfielder,Başakşehir FK (TUR),2003-10-03
Uzbekistan,23,Sherzod Esanov,Midfielder,FK Buxoro (UZB),2003-02-01
Uzbekistan,24,Behruzjon Karimov,Defender,Surkhon FK (UZB),2007-08-07
Uzbekistan,25,Avazbek Ulmasaliyev,Defender,OKMK FK (UZB),2000-03-27
Uzbekistan,26,Jakhongir Urozov,Defender,FK Dinamo Samarkand (UZB),2004-01-18
